-- MySQL dump 10.10
--
-- Host: localhost    Database: vbox
-- ------------------------------------------------------
-- Server version	5.0.27-standard

/*!40101 SET @OLD_CHARACTER_SET_CLIENT=@@CHARACTER_SET_CLIENT */;
/*!40101 SET @OLD_CHARACTER_SET_RESULTS=@@CHARACTER_SET_RESULTS */;
/*!40101 SET @OLD_COLLATION_CONNECTION=@@COLLATION_CONNECTION */;
/*!40101 SET NAMES utf8 */;
/*!40103 SET @OLD_TIME_ZONE=@@TIME_ZONE */;
/*!40103 SET TIME_ZONE='+00:00' */;
/*!40014 SET @OLD_UNIQUE_CHECKS=@@UNIQUE_CHECKS, UNIQUE_CHECKS=0 */;
/*!40014 SET @OLD_FOREIGN_KEY_CHECKS=@@FOREIGN_KEY_CHECKS, FOREIGN_KEY_CHECKS=0 */;
/*!40101 SET @OLD_SQL_MODE=@@SQL_MODE, SQL_MODE='NO_AUTO_VALUE_ON_ZERO' */;
/*!40111 SET @OLD_SQL_NOTES=@@SQL_NOTES, SQL_NOTES=0 */;

--
-- Table structure for table `tbAdminLog`
--

DROP TABLE IF EXISTS `tbAdminLog`;
CREATE TABLE `tbAdminLog` (
  `id` int(11) NOT NULL auto_increment,
  `fdOrgID` int(11) NOT NULL default '0',
  `fdAction` varchar(64) NOT NULL default '' COMMENT '操作名称\r\n            INSERT\r\n            UPDATE\r\n            DELETE',
  `fdTarget` varchar(128) default NULL COMMENT '操作对象\r\n            tbTable1.fdField1=XXX,tbTable2.fdField2=YYY',
  `fdCreate` datetime NOT NULL default '0000-00-00 00:00:00',
  PRIMARY KEY  (`id`),
  KEY `FK_Org_AdminLog` (`fdOrgID`)
) ENGINE=MyISAM DEFAULT CHARSET=utf8 COMMENT='后台操作日志';

--
-- Dumping data for table `tbAdminLog`
--

LOCK TABLES `tbAdminLog` WRITE;
/*!40000 ALTER TABLE `tbAdminLog` DISABLE KEYS */;
/*!40000 ALTER TABLE `tbAdminLog` ENABLE KEYS */;
UNLOCK TABLES;

--
-- Table structure for table `tbBill`
--

DROP TABLE IF EXISTS `tbBill`;
CREATE TABLE `tbBill` (
  `id` int(11) NOT NULL auto_increment,
  `fdBillTypeID` int(11) NOT NULL default '0' COMMENT '单据类型\r\n            1-进仓单，fdFromOrgID为供应商，fdToOrgID为内部仓库，提交后增加tbObject记录或数量\r\n            2-调货单，fdFromOrgID和fdToOrgID为仓库/内部员工/外部员工，提交后变更tbObject记录或数量\r\n            3-销售单，fdFromOrgID为仓库/内部员工/外部员工，fdToOrgID为内部员工/外部员工/经销商/客户，提交后变更tbObject记录\r\n            4-退货单，fd',
  `fdFromOrgID` int(11) NOT NULL default '0',
  `fdToOrgID` int(11) NOT NULL default '0',
  `fdAuditOrgID` int(11) NOT NULL default '0',
  `fdStatus` int(11) NOT NULL default '0' COMMENT '单据状态\r\n            0-未审核\r\n            1-未确认\r\n            2-已确认\r\n            3-已作废',
  `fdPayment` int(11) NOT NULL default '0' COMMENT '已付货款，以分为单位。\r\n            一份票据的总金额不记录在tbBill中，需要对tbItem进行SUM()操作获得',
  `fdAbstract` varchar(128) default NULL,
  `fdCreate` datetime NOT NULL default '0000-00-00 00:00:00',
  `fdAudit` datetime default NULL,
  `fdConfirm` datetime default NULL,
  `fdCancel` datetime default NULL,
  PRIMARY KEY  (`id`),
  KEY `FK_AuditOrg_Bill` (`fdAuditOrgID`),
  KEY `FK_BillType_Bill` (`fdBillTypeID`),
  KEY `FK_FromOrg_Bill` (`fdFromOrgID`),
  KEY `FK_ToOrg_Bill` (`fdToOrgID`)
) ENGINE=MyISAM AUTO_INCREMENT=175 DEFAULT CHARSET=utf8 COMMENT='单据表';

--
-- Dumping data for table `tbBill`
--

LOCK TABLES `tbBill` WRITE;
/*!40000 ALTER TABLE `tbBill` DISABLE KEYS */;
INSERT INTO `tbBill` VALUES (152,2,13,89,1,2,0,NULL,'2009-07-15 10:46:11','2009-07-17 09:25:34','2009-07-17 09:25:40',NULL),(153,3,13,86,1,2,0,NULL,'2009-07-15 10:52:15','2009-07-15 16:09:09','2009-07-15 16:18:50',NULL),(154,3,13,86,1,2,0,NULL,'2009-07-15 10:54:31','2009-07-15 16:09:14','2009-07-15 16:18:54',NULL),(155,3,13,86,1,2,0,NULL,'2009-07-15 11:01:08','2009-07-15 16:09:18','2009-07-15 16:18:58',NULL),(156,3,13,79,1,2,0,NULL,'2009-07-15 11:03:38','2009-07-15 16:09:23','2009-07-15 16:19:07',NULL),(157,3,13,80,1,2,0,NULL,'2009-07-15 11:04:02','2009-07-15 16:09:27','2009-07-15 16:19:11',NULL),(158,3,13,80,1,2,0,NULL,'2009-07-15 11:07:03','2009-07-15 16:09:31','2009-07-15 16:19:15',NULL),(159,3,13,80,1,2,0,NULL,'2009-07-15 11:07:53','2009-07-15 16:09:37','2009-07-15 16:19:19',NULL),(160,3,13,79,1,2,0,NULL,'2009-07-15 11:08:57','2009-07-15 16:09:43','2009-07-15 16:19:23',NULL),(162,3,13,86,1,2,0,NULL,'2009-07-15 16:04:22','2009-07-15 16:09:48','2009-07-15 16:19:32',NULL),(163,3,13,86,1,2,0,NULL,'2009-07-15 16:05:08','2009-07-15 16:10:03','2009-07-15 16:19:27',NULL),(168,3,13,86,1,2,0,NULL,'2009-07-15 16:25:27','2009-07-15 16:32:59','2009-07-15 16:33:16',NULL),(169,3,13,86,1,2,0,NULL,'2009-07-15 16:27:21','2009-07-15 16:33:03','2009-07-15 16:33:20',NULL),(170,3,13,86,1,2,0,NULL,'2009-07-15 16:28:23','2009-07-15 16:33:07','2009-07-15 16:33:25',NULL),(171,1,15,13,1,2,0,NULL,'2009-07-15 16:47:38','2009-07-15 16:47:57','2009-07-15 16:48:12',NULL),(172,3,13,86,1,2,0,NULL,'2009-07-15 17:10:50','2009-07-15 17:11:23','2009-07-15 17:11:29',NULL),(174,3,13,86,1,2,0,NULL,'2009-07-15 17:34:31','2009-07-15 17:34:58','2009-07-15 17:35:03',NULL);
/*!40000 ALTER TABLE `tbBill` ENABLE KEYS */;
UNLOCK TABLES;

--
-- Table structure for table `tbBillType`
--

DROP TABLE IF EXISTS `tbBillType`;
CREATE TABLE `tbBillType` (
  `id` int(11) NOT NULL auto_increment,
  `fdName` varchar(32) NOT NULL default '',
  PRIMARY KEY  (`id`)
) ENGINE=MyISAM AUTO_INCREMENT=5 DEFAULT CHARSET=utf8 COMMENT='单据类型：\r\n1-进仓单，fdFromOrgID为供?';

--
-- Dumping data for table `tbBillType`
--

LOCK TABLES `tbBillType` WRITE;
/*!40000 ALTER TABLE `tbBillType` DISABLE KEYS */;
INSERT INTO `tbBillType` VALUES (1,'采购单'),(2,'调拨单'),(3,'销售单'),(4,'退货单');
/*!40000 ALTER TABLE `tbBillType` ENABLE KEYS */;
UNLOCK TABLES;

--
-- Table structure for table `tbClass`
--

DROP TABLE IF EXISTS `tbClass`;
CREATE TABLE `tbClass` (
  `id` int(11) NOT NULL auto_increment,
  `fdSortID` int(11) NOT NULL default '0',
  `fdName` varchar(64) NOT NULL default '',
  `fdPrice` int(11) NOT NULL default '0' COMMENT '标准售价，以分为单位',
  PRIMARY KEY  (`id`),
  KEY `FK_Sort_Class` (`fdSortID`)
) ENGINE=MyISAM AUTO_INCREMENT=33 DEFAULT CHARSET=utf8 COMMENT='货物细致类别';

--
-- Dumping data for table `tbClass`
--

LOCK TABLES `tbClass` WRITE;
/*!40000 ALTER TABLE `tbClass` DISABLE KEYS */;
INSERT INTO `tbClass` VALUES (1,1,'86A1',108000),(2,1,'86B1',118000),(3,1,'86B2',138000),(4,1,'86C1',168000),(5,2,'IDE80G',25000),(6,2,'IDE120G',28000),(7,2,'IDE160G',30000),(8,2,'SATA80G',25000),(9,2,'SATA120G',28000),(10,2,'SATA160G',30000),(11,2,'SATA250G',40000),(12,2,'SATA320G',50000),(13,2,'SATA500G',60000),(14,6,'DLINK-DWL-G122-C1',10000),(15,6,'TPLINK-321G+',10000),(16,3,'标准HDMI线',5000),(17,3,'标准色差线',1000),(18,3,'标准光纤线',3000),(19,3,'标准同轴线',1000),(20,3,'标准AV线',1000),(21,3,'标准VGA线',3000),(22,3,'标准网线',500),(23,6,'无线路由器',20000),(24,7,'12V电源',5000),(25,7,'86B2包装盒',3000),(26,7,'86B2遥控器',3000),(27,7,'86B使用手册',500),(28,2,'SATA1.5T',1040),(29,2,'SATA1T',890),(30,8,'ES-C',25983),(31,1,'86B2模型机',138000),(32,8,'ES-C中性机',25983);
/*!40000 ALTER TABLE `tbClass` ENABLE KEYS */;
UNLOCK TABLES;

--
-- Table structure for table `tbControlClause`
--

DROP TABLE IF EXISTS `tbControlClause`;
CREATE TABLE `tbControlClause` (
  `id` int(11) NOT NULL auto_increment,
  `fdTableID` smallint(6) NOT NULL default '0',
  `fdName` varchar(32) NOT NULL default '',
  `fdClause` varchar(128) NOT NULL default '',
  PRIMARY KEY  (`id`),
  KEY `nxControlClause_Table` (`fdTableID`)
) ENGINE=InnoDB DEFAULT CHARSET=utf8;

--
-- Dumping data for table `tbControlClause`
--

LOCK TABLES `tbControlClause` WRITE;
/*!40000 ALTER TABLE `tbControlClause` DISABLE KEYS */;
/*!40000 ALTER TABLE `tbControlClause` ENABLE KEYS */;
UNLOCK TABLES;

--
-- Table structure for table `tbControlField`
--

DROP TABLE IF EXISTS `tbControlField`;
CREATE TABLE `tbControlField` (
  `id` int(11) NOT NULL auto_increment,
  `fdTableID` int(11) default NULL,
  `fdName` varchar(32) default NULL,
  `fdMin` int(11) default NULL,
  `fdMax` int(11) default NULL,
  `fdRegular` varchar(128) default NULL,
  `fdHide` tinyint(4) default NULL,
  `fdInitType` smallint(6) default NULL,
  `fdInitValue` varchar(255) default NULL,
  `fdSelect` varchar(255) default NULL,
  `fdDescription` varchar(32) default NULL,
  `fdSort` int(11) NOT NULL default '0',
  `fdOrder` int(11) NOT NULL default '10',
  PRIMARY KEY  (`id`)
) ENGINE=InnoDB DEFAULT CHARSET=utf8;

--
-- Dumping data for table `tbControlField`
--

LOCK TABLES `tbControlField` WRITE;
/*!40000 ALTER TABLE `tbControlField` DISABLE KEYS */;
INSERT INTO `tbControlField` VALUES (6,2,'fdName',NULL,NULL,NULL,NULL,NULL,NULL,NULL,'名称',0,10),(7,2,'fdDescription',NULL,NULL,NULL,NULL,NULL,NULL,NULL,'描述',0,10),(8,4,'fdName',0,0,'',0,-1,'','','名称',0,1),(9,4,'fdMin',0,0,'',1,1,'0','','最小值',0,20),(10,4,'fdMax',NULL,0,'',1,1,'0','','最大值',0,21),(11,4,'fdRegular',NULL,NULL,NULL,NULL,NULL,NULL,NULL,'正则表达式',0,10),(12,4,'fdHide',0,0,'√',0,1,'0','','隐藏',0,15),(13,4,'fdInitType',0,0,'',0,0,'0','SELECT id,fdName FROM tbControlInitType','初始化方式',0,10),(14,4,'fdInitValue',NULL,NULL,NULL,NULL,NULL,NULL,NULL,'初始值',0,10),(15,4,'fdSelect',NULL,NULL,NULL,NULL,NULL,NULL,NULL,'选择源',0,10),(16,4,'fdDescription',0,0,'',0,-1,'','','描述',0,2),(17,4,'fdTableID',0,0,'',1,3,'','','',0,30),(18,3,'fdMaster',0,0,'',0,0,'','','主表名',0,10),(19,3,'fdSlave',0,0,'',0,0,'','','从表名',0,10),(20,3,'fdMasterField',0,0,'',0,0,'','','主表键',0,10),(21,3,'fdSlaveField',0,0,'',0,0,'','','从表域',0,10),(35,9,'fdName',0,0,'',0,0,'','','名称',0,10),(62,3,'fdCommonField',0,0,'',0,1,'','','公共关联字段',0,10),(73,4,'fdSort',0,0,'√',0,1,'0','','排序',0,10),(94,4,'fdOrder',0,0,'',0,1,'10','','顺序',10,0),(95,10,'fdName',0,0,'',0,-1,'','','名称',0,10),(96,10,'fdHasSN',0,0,'yesno',0,-1,'','','唯一标识',0,10),(97,11,'fdName',0,0,'',0,-1,'','','名称',0,10),(98,11,'fdSortID',0,0,'',0,-1,'','SELECT id,fdName FROM tbSort','大类',0,10),(99,11,'fdPrice',0,0,'',0,-1,'','','售价(分)',0,10),(100,12,'fdName',0,0,'',0,-1,'','','名称',0,10),(101,13,'fdName',0,0,'',0,-1,'','','名称',0,10),(102,13,'fdURL',0,0,'',0,-1,'','','网址',0,10),(103,14,'fdName',0,0,'',0,-1,'','','名称',0,10),(104,15,'fdName',0,0,'',0,-1,'','','名称',0,10),(105,16,'fdRoleID',0,0,'',0,-1,'','SELECT id,fdName FROM tbRole','角色',0,10),(106,16,'fdPrivilegeID',0,0,'',0,-1,'','SELECT id,fdName FROM tbPrivilege','权限',0,10),(107,17,'fdName',0,0,'',0,-1,'','','名称',0,10),(108,17,'fdLogin',0,0,'',0,-1,'','','登录名',0,10),(109,17,'fdPassword',0,0,'',0,-1,'','','密码',0,10),(110,17,'fdContact',0,0,'',0,-1,'','','联系方式',0,10),(111,17,'fdDisabled',0,0,'',0,-1,'','','禁用',0,10),(112,18,'fdOrgID',0,0,'',0,-1,'','SELECT id,fdName FROM tbOrg WHERE fdDisabled=0','组织',0,10),(113,18,'fdRoleID',0,0,'',0,-1,'','SELECT id,fdName FROM tbRole','角色',0,10),(114,1,'fdName',0,0,'',0,-1,'','','名字',0,10),(115,1,'fdPassword',0,0,'',0,-1,'','','密码',0,10),(116,5,'fdUserID',0,0,'',0,-1,'','SELECT id,fdName FROM tbControlUser','用户',0,10),(117,5,'fdTableID',0,0,'',0,-1,'','SELECT id,fdName FROM tbControlTable WHERE fdName NOT LIKE \\\'tbControl%\\\'','表',0,10),(118,5,'fdInsert',0,0,'yesno',0,-1,'','','插入',0,10),(119,5,'fdUpdate',0,0,'yesno',0,-1,'','','更新',0,10),(120,5,'fdDelete',0,0,'yesno',0,-1,'','','删除',0,10),(121,5,'fdControl',0,0,'yesno',0,-1,'','','控制',0,10);
/*!40000 ALTER TABLE `tbControlField` ENABLE KEYS */;
UNLOCK TABLES;

--
-- Table structure for table `tbControlGrant`
--

DROP TABLE IF EXISTS `tbControlGrant`;
CREATE TABLE `tbControlGrant` (
  `id` int(11) NOT NULL auto_increment,
  `fdUserID` int(11) NOT NULL default '0',
  `fdTableID` int(11) NOT NULL default '0',
  `fdInsert` tinyint(4) NOT NULL default '0',
  `fdUpdate` tinyint(4) NOT NULL default '0',
  `fdDelete` tinyint(4) NOT NULL default '0',
  `fdControl` tinyint(4) NOT NULL default '0',
  PRIMARY KEY  (`id`)
) ENGINE=MyISAM AUTO_INCREMENT=10 DEFAULT CHARSET=latin1;

--
-- Dumping data for table `tbControlGrant`
--

LOCK TABLES `tbControlGrant` WRITE;
/*!40000 ALTER TABLE `tbControlGrant` DISABLE KEYS */;
INSERT INTO `tbControlGrant` VALUES (1,1,17,1,1,1,0),(2,1,10,1,1,1,0),(3,1,11,1,1,1,0),(4,1,12,1,1,1,0),(5,1,13,1,1,1,0),(6,1,14,1,1,1,0),(7,1,15,1,1,1,0),(8,1,16,1,1,1,0),(9,1,18,1,1,1,0);
/*!40000 ALTER TABLE `tbControlGrant` ENABLE KEYS */;
UNLOCK TABLES;

--
-- Table structure for table `tbControlInitType`
--

DROP TABLE IF EXISTS `tbControlInitType`;
CREATE TABLE `tbControlInitType` (
  `id` int(11) NOT NULL auto_increment,
  `fdName` varchar(32) default NULL,
  PRIMARY KEY  (`id`)
) ENGINE=InnoDB DEFAULT CHARSET=utf8;

--
-- Dumping data for table `tbControlInitType`
--

LOCK TABLES `tbControlInitType` WRITE;
/*!40000 ALTER TABLE `tbControlInitType` DISABLE KEYS */;
INSERT INTO `tbControlInitType` VALUES (1,'立即数'),(2,'$_SESSION变量'),(3,'$_GET变量'),(4,'最大已有值加1'),(5,'最小可用2的N次方');
/*!40000 ALTER TABLE `tbControlInitType` ENABLE KEYS */;
UNLOCK TABLES;

--
-- Table structure for table `tbControlRelate`
--

DROP TABLE IF EXISTS `tbControlRelate`;
CREATE TABLE `tbControlRelate` (
  `fdMaster` varchar(32) default NULL,
  `fdSlave` varchar(32) default NULL,
  `fdMasterField` varchar(32) default NULL,
  `fdSlaveField` varchar(32) default NULL,
  `id` int(11) NOT NULL auto_increment,
  `fdCommonField` varchar(32) default NULL,
  PRIMARY KEY  (`id`),
  KEY `nxControlRelate_Master` (`fdMaster`),
  KEY `nxControlRelate_Slave` (`fdSlave`)
) ENGINE=InnoDB DEFAULT CHARSET=utf8;

--
-- Dumping data for table `tbControlRelate`
--

LOCK TABLES `tbControlRelate` WRITE;
/*!40000 ALTER TABLE `tbControlRelate` DISABLE KEYS */;
INSERT INTO `tbControlRelate` VALUES ('tbControlTable','tbControlField','id','fdTableID',1,NULL),('tbRole','tbGrant','id','fdRoleID',2,''),('tbPrivilege','tbGrant','id','fdPrivilegeID',3,''),('tbOrg','tbMember','id','fdOrgID',4,''),('tbRole','tbMember','id','fdRoleID',5,''),('tbSort','tbClass','id','fdSortID',6,'');
/*!40000 ALTER TABLE `tbControlRelate` ENABLE KEYS */;
UNLOCK TABLES;

--
-- Table structure for table `tbControlTable`
--

DROP TABLE IF EXISTS `tbControlTable`;
CREATE TABLE `tbControlTable` (
  `id` int(11) NOT NULL auto_increment,
  `fdName` varchar(32) default NULL,
  `fdDescription` varchar(32) default NULL,
  PRIMARY KEY  (`id`)
) ENGINE=InnoDB DEFAULT CHARSET=utf8;

--
-- Dumping data for table `tbControlTable`
--

LOCK TABLES `tbControlTable` WRITE;
/*!40000 ALTER TABLE `tbControlTable` DISABLE KEYS */;
INSERT INTO `tbControlTable` VALUES (1,'tbControlUser','通用控制表-用户'),(2,'tbControlTable','通用控制表-表'),(3,'tbControlRelate','通用控制表-主从关系'),(4,'tbControlField','通用控制表-字段'),(5,'tbControlGrant','通用控制表-授权'),(9,'tbControlInitType','通用控制表-字段初始值类型'),(10,'tbSort','商品大类'),(11,'tbClass','细致分类'),(12,'tbBillType','单据类型'),(13,'tbReport','报表'),(14,'tbPrivilege','权限'),(15,'tbRole','角色'),(16,'tbGrant','授权'),(17,'tbOrg','组织'),(18,'tbMember','成员');
/*!40000 ALTER TABLE `tbControlTable` ENABLE KEYS */;
UNLOCK TABLES;

--
-- Table structure for table `tbControlUser`
--

DROP TABLE IF EXISTS `tbControlUser`;
CREATE TABLE `tbControlUser` (
  `id` int(11) NOT NULL auto_increment,
  `fdName` varchar(32) default NULL,
  `fdPassword` varchar(77) default NULL,
  PRIMARY KEY  (`id`)
) ENGINE=MyISAM AUTO_INCREMENT=2 DEFAULT CHARSET=utf8;

--
-- Dumping data for table `tbControlUser`
--

LOCK TABLES `tbControlUser` WRITE;
/*!40000 ALTER TABLE `tbControlUser` DISABLE KEYS */;
INSERT INTO `tbControlUser` VALUES (1,'tangqp','e1y.tuEXKZRRE');
/*!40000 ALTER TABLE `tbControlUser` ENABLE KEYS */;
UNLOCK TABLES;

--
-- Table structure for table `tbGrant`
--

DROP TABLE IF EXISTS `tbGrant`;
CREATE TABLE `tbGrant` (
  `id` int(11) NOT NULL auto_increment,
  `fdPrivilegeID` int(11) NOT NULL default '0',
  `fdRoleID` int(11) NOT NULL default '0',
  PRIMARY KEY  (`id`),
  UNIQUE KEY `nxGrant_Unique` (`fdPrivilegeID`,`fdRoleID`)
) ENGINE=MyISAM AUTO_INCREMENT=36 DEFAULT CHARSET=utf8;

--
-- Dumping data for table `tbGrant`
--

LOCK TABLES `tbGrant` WRITE;
/*!40000 ALTER TABLE `tbGrant` DISABLE KEYS */;
INSERT INTO `tbGrant` VALUES (1,3,8),(2,4,8),(3,1,9),(4,2,10),(5,5,10),(6,7,11),(7,8,11),(8,6,10),(9,6,11),(10,6,3),(11,9,10),(12,10,10),(13,9,11),(14,10,11),(15,9,3),(16,9,8),(17,10,8),(18,9,2),(19,10,2),(20,9,1),(21,10,1),(22,6,1),(23,6,4),(24,10,3),(25,10,4),(26,7,8),(27,8,8),(28,11,7),(35,12,8),(31,6,2),(32,7,2),(33,11,12),(34,11,11);
/*!40000 ALTER TABLE `tbGrant` ENABLE KEYS */;
UNLOCK TABLES;

--
-- Table structure for table `tbItem`
--

DROP TABLE IF EXISTS `tbItem`;
CREATE TABLE `tbItem` (
  `id` int(11) NOT NULL auto_increment,
  `fdBillID` int(11) NOT NULL default '0',
  `fdObjectID` int(11) NOT NULL default '0',
  `fdQuantity` int(11) NOT NULL default '0' COMMENT '数量\r\n            对于有唯一编码的货物，fdQuantity总是等于1\r\n            对于无唯一编码的货物，fdQuantity可为任意非负数',
  `fdPrice` int(11) NOT NULL default '0' COMMENT '商品转移价格，以分为单位。',
  `fdClassID` int(11) NOT NULL,
  `fdSN` varchar(64) default NULL,
  PRIMARY KEY  (`id`),
  KEY `FK_Bill_Item` (`fdBillID`),
  KEY `FK_Object_Item` (`fdObjectID`)
) ENGINE=MyISAM AUTO_INCREMENT=3084 DEFAULT CHARSET=utf8 COMMENT='单据中的项目';

--
-- Dumping data for table `tbItem`
--

LOCK TABLES `tbItem` WRITE;
/*!40000 ALTER TABLE `tbItem` DISABLE KEYS */;
INSERT INTO `tbItem` VALUES (1977,152,905,1,0,2,'3928059234'),(1978,153,1612,1,0,3,'991859906'),(1979,153,1621,1,0,3,'2403927408'),(1980,154,863,1,0,10,'S10ujfos406990'),(1981,154,836,1,0,10,'QCG3DRDH'),(1982,155,1376,2,0,17,''),(1983,155,1433,2,0,16,''),(1984,155,1404,2,0,18,''),(1985,156,1596,1,0,3,'289807096'),(1986,157,1689,1,0,3,'4125794442'),(1987,158,851,1,0,10,'QCG50L0H'),(1988,159,0,1,0,16,''),(1989,159,0,1,0,17,''),(1990,159,0,1,0,18,''),(1991,160,0,1,0,16,''),(1992,160,0,1,0,17,''),(1993,160,0,1,0,18,''),(1998,162,822,1,27000,10,'5VC1RLZ6'),(1997,162,811,1,27000,10,'5VC1HQBC'),(1999,162,821,1,27000,10,'5VC1QK2B'),(2000,162,827,1,27000,10,'5VC1RVBE'),(2001,162,831,1,27000,10,'QCG2A5RG'),(2002,163,1213,1,50855,4,'2906859130'),(2003,163,1172,1,50855,4,'2906859023'),(2004,163,1198,1,50855,4,'2928116728'),(2005,163,1196,1,50855,4,'2906859017'),(2006,163,1186,1,50855,4,'2928116623'),(2007,163,1200,1,50855,4,'2928116620'),(2008,163,1169,1,50855,4,'2928116618'),(2009,163,1155,1,50855,4,'2991889585'),(2010,163,1224,1,50855,4,'2949374291'),(2011,163,1230,1,50855,4,'2970631861'),(2012,163,1193,1,50855,4,'2906859010'),(2013,163,1232,1,50855,4,'2885601518'),(2014,163,1158,1,50855,4,'2928116616'),(2015,163,1216,1,50855,4,'2906859129'),(2016,163,1205,1,50855,4,'3013147171'),(2017,163,1215,1,50855,4,'2906859134'),(2018,163,1220,1,50855,4,'2991889586'),(2019,163,1225,1,50855,4,'2885601436'),(2020,163,1219,1,50855,4,'2885601513'),(2021,163,1166,1,50855,4,'3013147225'),(2022,163,1233,1,50855,4,'2906859019'),(2023,163,1235,1,50855,4,'3013147227'),(2024,163,1178,1,50855,4,'2970631873'),(2025,163,1234,1,50855,4,'3013147230'),(2026,163,1228,1,50855,4,'2928116730'),(2027,163,1221,1,50855,4,'2991889589'),(2028,163,1163,1,50855,4,'2885601437'),(2029,163,1212,1,50855,4,'3034404757'),(2030,163,1204,1,50855,4,'2928116731'),(2031,163,1190,1,50855,4,'2991889598'),(2032,163,1154,1,50855,4,'2970631856'),(2033,163,1185,1,50855,4,'2928116619'),(2034,163,1165,1,50855,4,'2991889601'),(2035,163,1187,1,50855,4,'2991889605'),(2036,163,1214,1,50855,4,'3013147180'),(2037,163,1160,1,50855,4,'3034404766'),(2038,163,1192,1,50855,4,'3013147228'),(2039,163,1231,1,50855,4,'2906859021'),(2040,163,1210,1,50855,4,'3034404843'),(2041,163,1218,1,50855,4,'3013147224'),(2042,163,1164,1,50855,4,'3034404761'),(2043,163,1194,1,50855,4,'2949374286'),(2044,168,814,1,27000,10,'5VC1K6X2'),(2045,168,812,1,27000,10,'5VC1HQCY'),(2046,168,802,1,27000,10,'5VC1F4M8'),(2047,168,806,1,27000,10,'5VC1GDFW'),(2048,168,800,1,27000,10,'5VC1DEJQ'),(2049,168,824,1,27000,10,'5VC1RV4K'),(2050,168,840,1,27000,10,'QCG3J0YH'),(2051,168,845,1,27000,10,'QCG3L7HH'),(2052,168,852,1,27000,10,'QCG51GWH'),(2053,168,842,1,27000,10,'QCG3J52H'),(2054,168,848,1,27000,10,'QCG4B06H'),(2055,168,853,1,27000,10,'QCG5381H'),(2056,168,843,1,27000,10,'QCG3JP6H'),(2057,168,835,1,27000,10,'QCG3AZ5H'),(2058,168,858,1,27000,10,'QCG58PVH'),(2059,168,839,1,27000,10,'QCG3GPNH'),(2060,168,832,1,27000,10,'QCG360GH'),(2061,168,854,1,27000,10,'QCG58APH'),(2062,168,850,1,27000,10,'QCG4VN5H'),(2063,168,838,1,27000,10,'QCG3GE8H'),(2064,169,816,1,27000,10,'5VC1KWM7'),(2065,170,817,1,27000,10,'5VC1MSMR'),(2066,170,801,1,28500,10,'5VC1F473 '),(2067,170,823,1,28500,10,'5VC1RRME'),(2068,170,803,1,28500,10,'5VC1F4PY'),(2069,170,841,1,28500,10,'QCG3J3JH'),(2070,170,844,1,28500,10,'QCG3JYAH'),(2071,170,849,1,28500,10,'QCG4PJDH'),(2072,170,857,1,28500,10,'QCG58NXH'),(2073,170,855,1,28500,10,'QCG58BAH'),(2074,170,833,1,28500,10,'QCG3806H'),(2075,170,837,1,28500,10,'QCG3G4XH'),(2076,170,847,1,28500,10,'QCG406EH'),(2077,170,834,1,28500,10,'QCG38SDH'),(2078,171,1812,1,27500,30,'3501ES09062010V10000001'),(2079,171,1813,1,27500,30,'3501ES09062010V10000002'),(2080,171,1814,1,27500,30,'3501ES09062010V10000003'),(2081,171,1815,1,27500,30,'3501ES09062010V10000004'),(2082,171,1816,1,27500,30,'3501ES09062010V10000005'),(2083,171,1817,1,27500,30,'3501ES09062010V10000006'),(2084,171,1818,1,27500,30,'3501ES09062010V10000007'),(2085,171,1819,1,27500,30,'3501ES09062010V10000008'),(2086,171,1820,1,27500,30,'3501ES09062010V10000009'),(2087,171,1821,1,27500,30,'3501ES09062010V10000010'),(2088,171,1822,1,27500,30,'3501ES09062010V10000011'),(2089,171,1823,1,27500,30,'3501ES09062010V10000012'),(2090,171,1824,1,27500,30,'3501ES09062010V10000013'),(2091,171,1825,1,27500,30,'3501ES09062010V10000014'),(2092,171,1826,1,27500,30,'3501ES09062010V10000015'),(2093,171,1827,1,27500,30,'3501ES09062010V10000016'),(2094,171,1828,1,27500,30,'3501ES09062010V10000017'),(2095,171,1829,1,27500,30,'3501ES09062010V10000018'),(2096,171,1830,1,27500,30,'3501ES09062010V10000019'),(2097,171,1831,1,27500,30,'3501ES09062010V10000020'),(2098,171,1832,1,27500,30,'3501ES09062010V10000021'),(2099,171,1833,1,27500,30,'3501ES09062010V10000022'),(2100,171,1834,1,27500,30,'3501ES09062010V10000023'),(2101,171,1835,1,27500,30,'3501ES09062010V10000024'),(2102,171,1836,1,27500,30,'3501ES09062010V10000025'),(2103,171,1837,1,27500,30,'3501ES09062010V10000026'),(2104,171,1838,1,27500,30,'3501ES09062010V10000027'),(2105,171,1839,1,27500,30,'3501ES09062010V10000028'),(2106,171,1840,1,27500,30,'3501ES09062010V10000029'),(2107,171,1841,1,27500,30,'3501ES09062010V10000030'),(2108,171,1842,1,27500,30,'3501ES09062010V10000031'),(2109,171,1843,1,27500,30,'3501ES09062010V10000032'),(2110,171,1844,1,27500,30,'3501ES09062010V10000033'),(2111,171,1845,1,27500,30,'3501ES09062010V10000034'),(2112,171,1846,1,27500,30,'3501ES09062010V10000035'),(2113,171,1847,1,27500,30,'3501ES09062010V10000036'),(2114,171,1848,1,27500,30,'3501ES09062010V10000037'),(2115,171,1849,1,27500,30,'3501ES09062010V10000038'),(2116,171,1850,1,27500,30,'3501ES09062010V10000039'),(2117,171,1851,1,27500,30,'3501ES09062010V10000040'),(2118,171,1852,1,27500,30,'3501ES09062010V10000041'),(2119,171,1853,1,27500,30,'3501ES09062010V10000042'),(2120,171,1854,1,27500,30,'3501ES09062010V10000043'),(2121,171,1855,1,27500,30,'3501ES09062010V10000044'),(2122,171,1856,1,27500,30,'3501ES09062010V10000045'),(2123,171,1857,1,27500,30,'3501ES09062010V10000046'),(2124,171,1858,1,27500,30,'3501ES09062010V10000047'),(2125,171,1859,1,27500,32,'3501ES09062010V10000048'),(2126,171,1860,1,27500,30,'3501ES09062010V10000049'),(2127,171,1861,1,27500,30,'3501ES09062010V10000050'),(2128,171,1862,1,27500,30,'3501ES09062010V10000051'),(2129,171,1863,1,27500,30,'3501ES09062010V10000052'),(2130,171,1864,1,27500,30,'3501ES09062010V10000053'),(2131,171,1865,1,27500,30,'3501ES09062010V10000054'),(2132,171,1866,1,27500,30,'3501ES09062010V10000055'),(2133,171,1867,1,27500,30,'3501ES09062010V10000056'),(2134,171,1868,1,27500,30,'3501ES09062010V10000057'),(2135,171,1869,1,27500,30,'3501ES09062010V10000058'),(2136,171,1870,1,27500,30,'3501ES09062010V10000059'),(2137,171,1871,1,27500,30,'3501ES09062010V10000060'),(2138,171,1872,1,27500,30,'3501ES09062010V10000061'),(2139,171,1873,1,27500,30,'3501ES09062010V10000062'),(2140,171,1874,1,27500,30,'3501ES09062010V10000063'),(2141,171,1875,1,27500,30,'3501ES09062010V10000064'),(2142,171,1876,1,27500,30,'3501ES09062010V10000065'),(2143,171,1877,1,27500,30,'3501ES09062010V10000066'),(2144,171,1878,1,27500,30,'3501ES09062010V10000067'),(2145,171,1879,1,27500,30,'3501ES09062010V10000068'),(2146,171,1880,1,27500,30,'3501ES09062010V10000069'),(2147,171,1881,1,27500,30,'3501ES09062010V10000070'),(2148,171,1882,1,27500,30,'3501ES09062010V10000071'),(2149,171,1883,1,27500,30,'3501ES09062010V10000072'),(2150,171,1884,1,27500,30,'3501ES09062010V10000073'),(2151,171,1885,1,27500,30,'3501ES09062010V10000074'),(2152,171,1886,1,27500,30,'3501ES09062010V10000075'),(2153,171,1887,1,27500,30,'3501ES09062010V10000076'),(2154,171,1888,1,27500,30,'3501ES09062010V10000077'),(2155,171,1889,1,27500,30,'3501ES09062010V10000078'),(2156,171,1890,1,27500,30,'3501ES09062010V10000079'),(2157,171,1891,1,27500,30,'3501ES09062010V10000080'),(2158,171,1892,1,27500,30,'3501ES09062010V10000081'),(2159,171,1893,1,27500,30,'3501ES09062010V10000082'),(2160,171,1894,1,27500,30,'3501ES09062010V10000083'),(2161,171,1895,1,27500,30,'3501ES09062010V10000084'),(2162,171,1896,1,27500,30,'3501ES09062010V10000085'),(2163,171,1897,1,27500,30,'3501ES09062010V10000086'),(2164,171,1898,1,27500,30,'3501ES09062010V10000087'),(2165,171,1899,1,27500,30,'3501ES09062010V10000088'),(2166,171,1900,1,27500,30,'3501ES09062010V10000089'),(2167,171,1901,1,27500,30,'3501ES09062010V10000090'),(2168,171,1902,1,27500,30,'3501ES09062010V10000091'),(2169,171,1903,1,27500,30,'3501ES09062010V10000092'),(2170,171,1904,1,27500,30,'3501ES09062010V10000093'),(2171,171,1905,1,27500,30,'3501ES09062010V10000094'),(2172,171,1906,1,27500,30,'3501ES09062010V10000095'),(2173,171,1907,1,27500,30,'3501ES09062010V10000096'),(2174,171,1908,1,27500,30,'3501ES09062010V10000097'),(2175,171,1909,1,27500,30,'3501ES09062010V10000098'),(2176,171,1910,1,27500,30,'3501ES09062010V10000099'),(2177,171,1911,1,27500,30,'3501ES09062010V10000100'),(2178,171,1912,1,27500,30,'3501ES09062010V10000101'),(2179,171,1913,1,27500,30,'3501ES09062010V10000102'),(2180,171,1914,1,27500,30,'3501ES09062010V10000103'),(2181,171,1915,1,27500,30,'3501ES09062010V10000104'),(2182,171,1916,1,27500,30,'3501ES09062010V10000105'),(2183,171,1917,1,27500,30,'3501ES09062010V10000106'),(2184,171,1918,1,27500,30,'3501ES09062010V10000107'),(2185,171,1919,1,27500,30,'3501ES09062010V10000108'),(2186,171,1920,1,27500,30,'3501ES09062010V10000109'),(2187,171,1921,1,27500,30,'3501ES09062010V10000110'),(2188,171,1922,1,27500,30,'3501ES09062010V10000111'),(2189,171,1923,1,27500,30,'3501ES09062010V10000112'),(2190,171,1924,1,27500,30,'3501ES09062010V10000113'),(2191,171,1925,1,27500,30,'3501ES09062010V10000114'),(2192,171,1926,1,27500,30,'3501ES09062010V10000115'),(2193,171,1927,1,27500,30,'3501ES09062010V10000116'),(2194,171,1928,1,27500,30,'3501ES09062010V10000117'),(2195,171,1929,1,27500,30,'3501ES09062010V10000118'),(2196,171,1930,1,27500,30,'3501ES09062010V10000119'),(2197,171,1931,1,27500,30,'3501ES09062010V10000120'),(2198,171,1932,1,27500,30,'3501ES09062010V10000121'),(2199,171,1933,1,27500,30,'3501ES09062010V10000122'),(2200,171,1934,1,27500,30,'3501ES09062010V10000123'),(2201,171,1935,1,27500,30,'3501ES09062010V10000124'),(2202,171,1936,1,27500,30,'3501ES09062010V10000125'),(2203,171,1937,1,27500,30,'3501ES09062010V10000126'),(2204,171,1938,1,27500,30,'3501ES09062010V10000127'),(2205,171,1939,1,27500,30,'3501ES09062010V10000128'),(2206,171,1940,1,27500,30,'3501ES09062010V10000129'),(2207,171,1941,1,27500,30,'3501ES09062010V10000130'),(2208,171,1942,1,27500,30,'3501ES09062010V10000131'),(2209,171,1943,1,27500,30,'3501ES09062010V10000132'),(2210,171,1944,1,27500,30,'3501ES09062010V10000133'),(2211,171,1945,1,27500,30,'3501ES09062010V10000134'),(2212,171,1946,1,27500,30,'3501ES09062010V10000135'),(2213,171,1947,1,27500,30,'3501ES09062010V10000136'),(2214,171,1948,1,27500,30,'3501ES09062010V10000137'),(2215,171,1949,1,27500,30,'3501ES09062010V10000138'),(2216,171,1950,1,27500,30,'3501ES09062010V10000139'),(2217,171,1951,1,27500,30,'3501ES09062010V10000140'),(2218,171,1952,1,27500,30,'3501ES09062010V10000141'),(2219,171,1953,1,27500,30,'3501ES09062010V10000142'),(2220,171,1954,1,27500,30,'3501ES09062010V10000143'),(2221,171,1955,1,27500,30,'3501ES09062010V10000144'),(2222,171,1956,1,27500,30,'3501ES09062010V10000145'),(2223,171,1957,1,27500,30,'3501ES09062010V10000146'),(2224,171,1958,1,27500,30,'3501ES09062010V10000147'),(2225,171,1959,1,27500,30,'3501ES09062010V10000148'),(2226,171,1960,1,27500,30,'3501ES09062010V10000149'),(2227,171,1961,1,27500,30,'3501ES09062010V10000150'),(2228,171,1962,1,27500,30,'3501ES09062010V10000151'),(2229,171,1963,1,27500,30,'3501ES09062010V10000152'),(2230,171,1964,1,27500,30,'3501ES09062010V10000153'),(2231,171,1965,1,27500,30,'3501ES09062010V10000154'),(2232,171,1966,1,27500,30,'3501ES09062010V10000155'),(2233,171,1967,1,27500,30,'3501ES09062010V10000156'),(2234,171,1968,1,27500,30,'3501ES09062010V10000157'),(2235,171,1969,1,27500,30,'3501ES09062010V10000158'),(2236,171,1970,1,27500,30,'3501ES09062010V10000159'),(2237,171,1971,1,27500,30,'3501ES09062010V10000160'),(2238,171,1972,1,27500,30,'3501ES09062010V10000161'),(2239,171,1973,1,27500,30,'3501ES09062010V10000162'),(2240,171,1974,1,27500,30,'3501ES09062010V10000163'),(2241,171,1975,1,27500,30,'3501ES09062010V10000164'),(2242,171,1976,1,27500,30,'3501ES09062010V10000165'),(2243,171,1977,1,27500,30,'3501ES09062010V10000166'),(2244,171,1978,1,27500,30,'3501ES09062010V10000167'),(2245,171,1979,1,27500,30,'3501ES09062010V10000168'),(2246,171,1980,1,27500,30,'3501ES09062010V10000169'),(2247,171,1981,1,27500,30,'3501ES09062010V10000170'),(2248,171,1982,1,27500,30,'3501ES09062010V10000171'),(2249,171,1983,1,27500,30,'3501ES09062010V10000172'),(2250,171,1984,1,27500,30,'3501ES09062010V10000173'),(2251,171,1985,1,27500,30,'3501ES09062010V10000174'),(2252,171,1986,1,27500,30,'3501ES09062010V10000175'),(2253,171,1987,1,27500,30,'3501ES09062010V10000176'),(2254,171,1988,1,27500,30,'3501ES09062010V10000177'),(2255,171,1989,1,27500,30,'3501ES09062010V10000178'),(2256,171,1990,1,27500,30,'3501ES09062010V10000179'),(2257,171,1991,1,27500,30,'3501ES09062010V10000180'),(2258,171,1992,1,27500,30,'3501ES09062010V10000181'),(2259,171,1993,1,27500,30,'3501ES09062010V10000182'),(2260,171,1994,1,27500,30,'3501ES09062010V10000183'),(2261,171,1995,1,27500,30,'3501ES09062010V10000184'),(2262,171,1996,1,27500,30,'3501ES09062010V10000185'),(2263,171,1997,1,27500,30,'3501ES09062010V10000186'),(2264,171,1998,1,27500,30,'3501ES09062010V10000187'),(2265,171,1999,1,27500,30,'3501ES09062010V10000188'),(2266,171,2000,1,27500,30,'3501ES09062010V10000189'),(2267,171,2001,1,27500,30,'3501ES09062010V10000190'),(2268,171,2002,1,27500,30,'3501ES09062010V10000191'),(2269,171,2003,1,27500,30,'3501ES09062010V10000192'),(2270,171,2004,1,27500,30,'3501ES09062010V10000193'),(2271,171,2005,1,27500,30,'3501ES09062010V10000194'),(2272,171,2006,1,27500,30,'3501ES09062010V10000195'),(2273,171,2007,1,27500,30,'3501ES09062010V10000196'),(2274,171,2008,1,27500,30,'3501ES09062010V10000197'),(2275,171,2009,1,27500,30,'3501ES09062010V10000198'),(2276,171,2010,1,27500,30,'3501ES09062010V10000199'),(2277,171,2011,1,27500,30,'3501ES09062010V10000200'),(2278,171,2012,1,27500,30,'3501ES09062010V10000201'),(2279,171,2013,1,27500,30,'3501ES09062010V10000202'),(2280,171,2014,1,27500,30,'3501ES09062010V10000203'),(2281,171,2015,1,27500,30,'3501ES09062010V10000204'),(2282,171,2016,1,27500,30,'3501ES09062010V10000205'),(2283,171,2017,1,27500,30,'3501ES09062010V10000206'),(2284,171,2018,1,27500,30,'3501ES09062010V10000207'),(2285,171,2019,1,27500,30,'3501ES09062010V10000208'),(2286,171,2020,1,27500,30,'3501ES09062010V10000209'),(2287,171,2021,1,27500,30,'3501ES09062010V10000210'),(2288,171,2022,1,27500,30,'3501ES09062010V10000211'),(2289,171,2023,1,27500,30,'3501ES09062010V10000212'),(2290,171,2024,1,27500,30,'3501ES09062010V10000213'),(2291,171,2025,1,27500,30,'3501ES09062010V10000214'),(2292,171,2026,1,27500,30,'3501ES09062010V10000215'),(2293,171,2027,1,27500,30,'3501ES09062010V10000216'),(2294,171,2028,1,27500,30,'3501ES09062010V10000217'),(2295,171,2029,1,27500,30,'3501ES09062010V10000218'),(2296,171,2030,1,27500,30,'3501ES09062010V10000219'),(2297,171,2031,1,27500,30,'3501ES09062010V10000220'),(2298,171,2032,1,27500,30,'3501ES09062010V10000221'),(2299,171,2033,1,27500,30,'3501ES09062010V10000222'),(2300,171,2034,1,27500,30,'3501ES09062010V10000223'),(2301,171,2035,1,27500,30,'3501ES09062010V10000224'),(2302,171,2036,1,27500,30,'3501ES09062010V10000225'),(2303,171,2037,1,27500,30,'3501ES09062010V10000226'),(2304,171,2038,1,27500,30,'3501ES09062010V10000227'),(2305,171,2039,1,27500,30,'3501ES09062010V10000228'),(2306,171,2040,1,27500,30,'3501ES09062010V10000229'),(2307,171,2041,1,27500,30,'3501ES09062010V10000230'),(2308,171,2042,1,27500,30,'3501ES09062010V10000231'),(2309,171,2043,1,27500,30,'3501ES09062010V10000232'),(2310,171,2044,1,27500,30,'3501ES09062010V10000233'),(2311,171,2045,1,27500,30,'3501ES09062010V10000234'),(2312,171,2046,1,27500,30,'3501ES09062010V10000235'),(2313,171,2047,1,27500,30,'3501ES09062010V10000236'),(2314,171,2048,1,27500,30,'3501ES09062010V10000237'),(2315,171,2049,1,27500,30,'3501ES09062010V10000238'),(2316,171,2050,1,27500,30,'3501ES09062010V10000239'),(2317,171,2051,1,27500,30,'3501ES09062010V10000240'),(2318,171,2052,1,27500,30,'3501ES09062010V10000241'),(2319,171,2053,1,27500,30,'3501ES09062010V10000242'),(2320,171,2054,1,27500,30,'3501ES09062010V10000243'),(2321,171,2055,1,27500,30,'3501ES09062010V10000244'),(2322,171,2056,1,27500,30,'3501ES09062010V10000245'),(2323,171,2057,1,27500,30,'3501ES09062010V10000246'),(2324,171,2058,1,27500,30,'3501ES09062010V10000247'),(2325,171,2059,1,27500,30,'3501ES09062010V10000248'),(2326,171,2060,1,27500,30,'3501ES09062010V10000249'),(2327,171,2061,1,27500,30,'3501ES09062010V10000250'),(2328,171,2062,1,27500,30,'3501ES09062010V10000251'),(2329,171,2063,1,27500,30,'3501ES09062010V10000252'),(2330,171,2064,1,27500,30,'3501ES09062010V10000253'),(2331,171,2065,1,27500,30,'3501ES09062010V10000254'),(2332,171,2066,1,27500,30,'3501ES09062010V10000255'),(2333,171,2067,1,27500,30,'3501ES09062010V10000256'),(2334,171,2068,1,27500,30,'3501ES09062010V10000257'),(2335,171,2069,1,27500,30,'3501ES09062010V10000258'),(2336,171,2070,1,27500,30,'3501ES09062010V10000259'),(2337,171,2071,1,27500,30,'3501ES09062010V10000260'),(2338,171,2072,1,27500,30,'3501ES09062010V10000261'),(2339,171,2073,1,27500,30,'3501ES09062010V10000262'),(2340,171,2074,1,27500,30,'3501ES09062010V10000263'),(2341,171,2075,1,27500,30,'3501ES09062010V10000264'),(2342,171,2076,1,27500,30,'3501ES09062010V10000265'),(2343,171,2077,1,27500,30,'3501ES09062010V10000266'),(2344,171,2078,1,27500,30,'3501ES09062010V10000267'),(2345,171,2079,1,27500,30,'3501ES09062010V10000268'),(2346,171,2080,1,27500,30,'3501ES09062010V10000269'),(2347,171,2081,1,27500,30,'3501ES09062010V10000270'),(2348,171,2082,1,27500,30,'3501ES09062010V10000271'),(2349,171,2083,1,27500,30,'3501ES09062010V10000272'),(2350,171,2084,1,27500,30,'3501ES09062010V10000273'),(2351,171,2085,1,27500,30,'3501ES09062010V10000274'),(2352,171,2086,1,27500,30,'3501ES09062010V10000275'),(2353,171,2087,1,27500,30,'3501ES09062010V10000276'),(2354,171,2088,1,27500,30,'3501ES09062010V10000277'),(2355,171,2089,1,27500,30,'3501ES09062010V10000278'),(2356,171,2090,1,27500,30,'3501ES09062010V10000279'),(2357,171,2091,1,27500,30,'3501ES09062010V10000280'),(2358,171,2092,1,27500,30,'3501ES09062010V10000281'),(2359,171,2093,1,27500,30,'3501ES09062010V10000282'),(2360,171,2094,1,27500,30,'3501ES09062010V10000283'),(2361,171,2095,1,27500,30,'3501ES09062010V10000284'),(2362,171,2096,1,27500,30,'3501ES09062010V10000285'),(2363,171,2097,1,27500,30,'3501ES09062010V10000286'),(2364,171,2098,1,27500,30,'3501ES09062010V10000287'),(2365,171,2099,1,27500,30,'3501ES09062010V10000288'),(2366,171,2100,1,27500,30,'3501ES09062010V10000289'),(2367,171,2101,1,27500,30,'3501ES09062010V10000290'),(2368,171,2102,1,27500,30,'3501ES09062010V10000291'),(2369,171,2103,1,27500,30,'3501ES09062010V10000292'),(2370,171,2104,1,27500,30,'3501ES09062010V10000293'),(2371,171,2105,1,27500,30,'3501ES09062010V10000294'),(2372,171,2106,1,27500,30,'3501ES09062010V10000295'),(2373,171,2107,1,27500,30,'3501ES09062010V10000296'),(2374,171,2108,1,27500,30,'3501ES09062010V10000297'),(2375,171,2109,1,27500,30,'3501ES09062010V10000298'),(2376,171,2110,1,27500,30,'3501ES09062010V10000299'),(2377,171,2111,1,27500,30,'3501ES09062010V10000300'),(2378,171,2112,1,27500,30,'3501ES09062010V10000301'),(2379,171,2113,1,27500,30,'3501ES09062010V10000302'),(2380,171,2114,1,27500,30,'3501ES09062010V10000303'),(2381,171,2115,1,27500,30,'3501ES09062010V10000304'),(2382,171,2116,1,27500,30,'3501ES09062010V10000305'),(2383,171,2117,1,27500,30,'3501ES09062010V10000306'),(2384,171,2118,1,27500,30,'3501ES09062010V10000307'),(2385,171,2119,1,27500,30,'3501ES09062010V10000308'),(2386,171,2120,1,27500,30,'3501ES09062010V10000309'),(2387,171,2121,1,27500,30,'3501ES09062010V10000310'),(2388,171,2122,1,27500,30,'3501ES09062010V10000311'),(2389,171,2123,1,27500,30,'3501ES09062010V10000312'),(2390,171,2124,1,27500,30,'3501ES09062010V10000313'),(2391,171,2125,1,27500,30,'3501ES09062010V10000314'),(2392,171,2126,1,27500,30,'3501ES09062010V10000315'),(2393,171,2127,1,27500,30,'3501ES09062010V10000316'),(2394,171,2128,1,27500,30,'3501ES09062010V10000317'),(2395,171,2129,1,27500,30,'3501ES09062010V10000318'),(2396,171,2130,1,27500,30,'3501ES09062010V10000319'),(2397,171,2131,1,27500,30,'3501ES09062010V10000320'),(2398,171,2132,1,27500,30,'3501ES09062010V10000321'),(2399,171,2133,1,27500,30,'3501ES09062010V10000322'),(2400,171,2134,1,27500,30,'3501ES09062010V10000323'),(2401,171,2135,1,27500,30,'3501ES09062010V10000324'),(2402,171,2136,1,27500,30,'3501ES09062010V10000325'),(2403,171,2137,1,27500,30,'3501ES09062010V10000326'),(2404,171,2138,1,27500,30,'3501ES09062010V10000327'),(2405,171,2139,1,27500,30,'3501ES09062010V10000328'),(2406,171,2140,1,27500,30,'3501ES09062010V10000329'),(2407,171,2141,1,27500,30,'3501ES09062010V10000330'),(2408,171,2142,1,27500,30,'3501ES09062010V10000331'),(2409,171,2143,1,27500,30,'3501ES09062010V10000332'),(2410,171,2144,1,27500,30,'3501ES09062010V10000333'),(2411,171,2145,1,27500,30,'3501ES09062010V10000334'),(2412,171,2146,1,27500,30,'3501ES09062010V10000335'),(2413,171,2147,1,27500,30,'3501ES09062010V10000336'),(2414,171,2148,1,27500,30,'3501ES09062010V10000337'),(2415,171,2149,1,27500,30,'3501ES09062010V10000338'),(2416,171,2150,1,27500,30,'3501ES09062010V10000339'),(2417,171,2151,1,27500,30,'3501ES09062010V10000340'),(2418,171,2152,1,27500,30,'3501ES09062010V10000341'),(2419,171,2153,1,27500,30,'3501ES09062010V10000342'),(2420,171,2154,1,27500,30,'3501ES09062010V10000343'),(2421,171,2155,1,27500,30,'3501ES09062010V10000344'),(2422,171,2156,1,27500,30,'3501ES09062010V10000345'),(2423,171,2157,1,27500,30,'3501ES09062010V10000346'),(2424,171,2158,1,27500,30,'3501ES09062010V10000347'),(2425,171,2159,1,27500,30,'3501ES09062010V10000348'),(2426,171,2160,1,27500,30,'3501ES09062010V10000349'),(2427,171,2161,1,27500,30,'3501ES09062010V10000350'),(2428,171,2162,1,27500,30,'3501ES09062010V10000351'),(2429,171,2163,1,27500,30,'3501ES09062010V10000352'),(2430,171,2164,1,27500,30,'3501ES09062010V10000353'),(2431,171,2165,1,27500,30,'3501ES09062010V10000354'),(2432,171,2166,1,27500,30,'3501ES09062010V10000355'),(2433,171,2167,1,27500,30,'3501ES09062010V10000356'),(2434,171,2168,1,27500,30,'3501ES09062010V10000357'),(2435,171,2169,1,27500,30,'3501ES09062010V10000358'),(2436,171,2170,1,27500,30,'3501ES09062010V10000359'),(2437,171,2171,1,27500,30,'3501ES09062010V10000360'),(2438,171,2172,1,27500,30,'3501ES09062010V10000361'),(2439,171,2173,1,27500,30,'3501ES09062010V10000362'),(2440,171,2174,1,27500,30,'3501ES09062010V10000363'),(2441,171,2175,1,27500,30,'3501ES09062010V10000364'),(2442,171,2176,1,27500,30,'3501ES09062010V10000365'),(2443,171,2177,1,27500,30,'3501ES09062010V10000366'),(2444,171,2178,1,27500,30,'3501ES09062010V10000367'),(2445,171,2179,1,27500,30,'3501ES09062010V10000368'),(2446,171,2180,1,27500,30,'3501ES09062010V10000369'),(2447,171,2181,1,27500,30,'3501ES09062010V10000370'),(2448,171,2182,1,27500,30,'3501ES09062010V10000371'),(2449,171,2183,1,27500,30,'3501ES09062010V10000372'),(2450,171,2184,1,27500,30,'3501ES09062010V10000373'),(2451,171,2185,1,27500,30,'3501ES09062010V10000374'),(2452,171,2186,1,27500,30,'3501ES09062010V10000375'),(2453,171,2187,1,27500,30,'3501ES09062010V10000376'),(2454,171,2188,1,27500,30,'3501ES09062010V10000377'),(2455,171,2189,1,27500,30,'3501ES09062010V10000378'),(2456,171,2190,1,27500,30,'3501ES09062010V10000379'),(2457,171,2191,1,27500,30,'3501ES09062010V10000380'),(2458,171,2192,1,27500,30,'3501ES09062010V10000381'),(2459,171,2193,1,27500,30,'3501ES09062010V10000382'),(2460,171,2194,1,27500,30,'3501ES09062010V10000383'),(2461,171,2195,1,27500,30,'3501ES09062010V10000384'),(2462,171,2196,1,27500,30,'3501ES09062010V10000385'),(2463,171,2197,1,27500,30,'3501ES09062010V10000386'),(2464,171,2198,1,27500,30,'3501ES09062010V10000387'),(2465,171,2199,1,27500,30,'3501ES09062010V10000388'),(2466,171,2200,1,27500,30,'3501ES09062010V10000389'),(2467,171,2201,1,27500,30,'3501ES09062010V10000390'),(2468,171,2202,1,27500,30,'3501ES09062010V10000391'),(2469,171,2203,1,27500,30,'3501ES09062010V10000392'),(2470,171,2204,1,27500,30,'3501ES09062010V10000393'),(2471,171,2205,1,27500,30,'3501ES09062010V10000394'),(2472,171,2206,1,27500,30,'3501ES09062010V10000395'),(2473,171,2207,1,27500,30,'3501ES09062010V10000396'),(2474,171,2208,1,27500,30,'3501ES09062010V10000397'),(2475,171,2209,1,27500,30,'3501ES09062010V10000398'),(2476,171,2210,1,27500,30,'3501ES09062010V10000399'),(2477,171,2211,1,27500,30,'3501ES09062010V10000400'),(2478,171,2212,1,27500,30,'3501ES09062010V10000401'),(2479,171,2213,1,27500,30,'3501ES09062010V10000402'),(2480,171,2214,1,27500,30,'3501ES09062010V10000403'),(2481,171,2215,1,27500,30,'3501ES09062010V10000404'),(2482,171,2216,1,27500,30,'3501ES09062010V10000405'),(2483,171,2217,1,27500,30,'3501ES09062010V10000406'),(2484,171,2218,1,27500,30,'3501ES09062010V10000407'),(2485,171,2219,1,27500,30,'3501ES09062010V10000408'),(2486,171,2220,1,27500,30,'3501ES09062010V10000409'),(2487,171,2221,1,27500,30,'3501ES09062010V10000410'),(2488,171,2222,1,27500,30,'3501ES09062010V10000411'),(2489,171,2223,1,27500,30,'3501ES09062010V10000412'),(2490,171,2224,1,27500,30,'3501ES09062010V10000413'),(2491,171,2225,1,27500,30,'3501ES09062010V10000414'),(2492,171,2226,1,27500,30,'3501ES09062010V10000415'),(2493,171,2227,1,27500,30,'3501ES09062010V10000416'),(2494,171,2228,1,27500,30,'3501ES09062010V10000417'),(2495,171,2229,1,27500,30,'3501ES09062010V10000418'),(2496,171,2230,1,27500,30,'3501ES09062010V10000419'),(2497,171,2231,1,27500,30,'3501ES09062010V10000420'),(2498,171,2232,1,27500,30,'3501ES09062010V10000421'),(2499,171,2233,1,27500,30,'3501ES09062010V10000422'),(2500,171,2234,1,27500,30,'3501ES09062010V10000423'),(2501,171,2235,1,27500,30,'3501ES09062010V10000424'),(2502,171,2236,1,27500,30,'3501ES09062010V10000425'),(2503,171,2237,1,27500,30,'3501ES09062010V10000426'),(2504,171,2238,1,27500,30,'3501ES09062010V10000427'),(2505,171,2239,1,27500,30,'3501ES09062010V10000428'),(2506,171,2240,1,27500,30,'3501ES09062010V10000429'),(2507,171,2241,1,27500,30,'3501ES09062010V10000430'),(2508,171,2242,1,27500,30,'3501ES09062010V10000431'),(2509,171,2243,1,27500,30,'3501ES09062010V10000432'),(2510,171,2244,1,27500,30,'3501ES09062010V10000433'),(2511,171,2245,1,27500,30,'3501ES09062010V10000434'),(2512,171,2246,1,27500,30,'3501ES09062010V10000435'),(2513,171,2247,1,27500,30,'3501ES09062010V10000436'),(2514,171,2248,1,27500,30,'3501ES09062010V10000437'),(2515,171,2249,1,27500,30,'3501ES09062010V10000438'),(2516,171,2250,1,27500,30,'3501ES09062010V10000439'),(2517,171,2251,1,27500,30,'3501ES09062010V10000440'),(2518,171,2252,1,27500,30,'3501ES09062010V10000441'),(2519,171,2253,1,27500,30,'3501ES09062010V10000442'),(2520,171,2254,1,27500,30,'3501ES09062010V10000443'),(2521,171,2255,1,27500,30,'3501ES09062010V10000444'),(2522,171,2256,1,27500,30,'3501ES09062010V10000445'),(2523,171,2257,1,27500,30,'3501ES09062010V10000446'),(2524,171,2258,1,27500,30,'3501ES09062010V10000447'),(2525,171,2259,1,27500,30,'3501ES09062010V10000448'),(2526,171,2260,1,27500,30,'3501ES09062010V10000449'),(2527,171,2261,1,27500,30,'3501ES09062010V10000450'),(2528,171,2262,1,27500,30,'3501ES09062010V10000451'),(2529,171,2263,1,27500,30,'3501ES09062010V10000452'),(2530,171,2264,1,27500,30,'3501ES09062010V10000453'),(2531,171,2265,1,27500,30,'3501ES09062010V10000454'),(2532,171,2266,1,27500,30,'3501ES09062010V10000455'),(2533,171,2267,1,27500,30,'3501ES09062010V10000456'),(2534,171,2268,1,27500,30,'3501ES09062010V10000457'),(2535,171,2269,1,27500,30,'3501ES09062010V10000458'),(2536,171,2270,1,27500,30,'3501ES09062010V10000459'),(2537,171,2271,1,27500,30,'3501ES09062010V10000460'),(2538,171,2272,1,27500,30,'3501ES09062010V10000461'),(2539,171,2273,1,27500,30,'3501ES09062010V10000462'),(2540,171,2274,1,27500,30,'3501ES09062010V10000463'),(2541,171,2275,1,27500,30,'3501ES09062010V10000464'),(2542,171,2276,1,27500,30,'3501ES09062010V10000465'),(2543,171,2277,1,27500,30,'3501ES09062010V10000466'),(2544,171,2278,1,27500,30,'3501ES09062010V10000467'),(2545,171,2279,1,27500,30,'3501ES09062010V10000468'),(2546,171,2280,1,27500,30,'3501ES09062010V10000469'),(2547,171,2281,1,27500,30,'3501ES09062010V10000470'),(2548,171,2282,1,27500,30,'3501ES09062010V10000471'),(2549,171,2283,1,27500,30,'3501ES09062010V10000472'),(2550,171,2284,1,27500,30,'3501ES09062010V10000473'),(2551,171,2285,1,27500,30,'3501ES09062010V10000474'),(2552,171,2286,1,27500,30,'3501ES09062010V10000475'),(2553,171,2287,1,27500,30,'3501ES09062010V10000476'),(2554,171,2288,1,27500,30,'3501ES09062010V10000477'),(2555,171,2289,1,27500,30,'3501ES09062010V10000478'),(2556,171,2290,1,27500,30,'3501ES09062010V10000479'),(2557,171,2291,1,27500,30,'3501ES09062010V10000480'),(2558,171,2292,1,27500,30,'3501ES09062010V10000481'),(2559,171,2293,1,27500,30,'3501ES09062010V10000482'),(2560,171,2294,1,27500,30,'3501ES09062010V10000483'),(2561,171,2295,1,27500,30,'3501ES09062010V10000484'),(2562,171,2296,1,27500,30,'3501ES09062010V10000485'),(2563,171,2297,1,27500,30,'3501ES09062010V10000486'),(2564,171,2298,1,27500,30,'3501ES09062010V10000487'),(2565,171,2299,1,27500,30,'3501ES09062010V10000488'),(2566,171,2300,1,27500,30,'3501ES09062010V10000489'),(2567,171,2301,1,27500,30,'3501ES09062010V10000490'),(2568,171,2302,1,27500,30,'3501ES09062010V10000491'),(2569,171,2303,1,27500,30,'3501ES09062010V10000492'),(2570,171,2304,1,27500,30,'3501ES09062010V10000493'),(2571,171,2305,1,27500,30,'3501ES09062010V10000494'),(2572,171,2306,1,27500,30,'3501ES09062010V10000495'),(2573,171,2307,1,27500,30,'3501ES09062010V10000496'),(2574,171,2308,1,27500,30,'3501ES09062010V10000497'),(2575,171,2309,1,27500,30,'3501ES09062010V10000498'),(2576,171,2310,1,27500,30,'3501ES09062010V10000499'),(2577,171,2311,1,27500,30,'3501ES09062010V10000500'),(2578,171,2312,1,27500,30,'3501ES09062010V10000501'),(2579,171,2313,1,27500,30,'3501ES09062010V10000502'),(2580,171,2314,1,27500,30,'3501ES09062010V10000503'),(2581,171,2315,1,27500,30,'3501ES09062010V10000504'),(2582,171,2316,1,27500,30,'3501ES09062010V10000505'),(2583,171,2317,1,27500,30,'3501ES09062010V10000506'),(2584,171,2318,1,27500,30,'3501ES09062010V10000507'),(2585,171,2319,1,27500,30,'3501ES09062010V10000508'),(2586,171,2320,1,27500,30,'3501ES09062010V10000509'),(2587,171,2321,1,27500,30,'3501ES09062010V10000510'),(2588,171,2322,1,27500,30,'3501ES09062010V10000511'),(2589,171,2323,1,27500,30,'3501ES09062010V10000512'),(2590,171,2324,1,27500,30,'3501ES09062010V10000513'),(2591,171,2325,1,27500,30,'3501ES09062010V10000514'),(2592,171,2326,1,27500,30,'3501ES09062010V10000515'),(2593,171,2327,1,27500,30,'3501ES09062010V10000516'),(2594,171,2328,1,27500,30,'3501ES09062010V10000517'),(2595,171,2329,1,27500,30,'3501ES09062010V10000518'),(2596,171,2330,1,27500,30,'3501ES09062010V10000519'),(2597,171,2331,1,27500,30,'3501ES09062010V10000520'),(2598,171,2332,1,27500,30,'3501ES09062010V10000521'),(2599,171,2333,1,27500,30,'3501ES09062010V10000522'),(2600,171,2334,1,27500,30,'3501ES09062010V10000523'),(2601,171,2335,1,27500,30,'3501ES09062010V10000524'),(2602,171,2336,1,27500,30,'3501ES09062010V10000525'),(2603,171,2337,1,27500,30,'3501ES09062010V10000526'),(2604,171,2338,1,27500,30,'3501ES09062010V10000527'),(2605,171,2339,1,27500,30,'3501ES09062010V10000528'),(2606,171,2340,1,27500,30,'3501ES09062010V10000529'),(2607,171,2341,1,27500,30,'3501ES09062010V10000530'),(2608,171,2342,1,27500,30,'3501ES09062010V10000531'),(2609,171,2343,1,27500,30,'3501ES09062010V10000532'),(2610,171,2344,1,27500,30,'3501ES09062010V10000533'),(2611,171,2345,1,27500,30,'3501ES09062010V10000534'),(2612,171,2346,1,27500,30,'3501ES09062010V10000535'),(2613,171,2347,1,27500,30,'3501ES09062010V10000536'),(2614,171,2348,1,27500,30,'3501ES09062010V10000537'),(2615,171,2349,1,27500,30,'3501ES09062010V10000538'),(2616,171,2350,1,27500,30,'3501ES09062010V10000539'),(2617,171,2351,1,27500,30,'3501ES09062010V10000540'),(2618,171,2352,1,27500,30,'3501ES09062010V10000541'),(2619,171,2353,1,27500,30,'3501ES09062010V10000542'),(2620,171,2354,1,27500,30,'3501ES09062010V10000543'),(2621,171,2355,1,27500,30,'3501ES09062010V10000544'),(2622,171,2356,1,27500,30,'3501ES09062010V10000545'),(2623,171,2357,1,27500,30,'3501ES09062010V10000546'),(2624,171,2358,1,27500,30,'3501ES09062010V10000547'),(2625,171,2359,1,27500,30,'3501ES09062010V10000548'),(2626,171,2360,1,27500,30,'3501ES09062010V10000549'),(2627,171,2361,1,27500,30,'3501ES09062010V10000550'),(2628,171,2362,1,27500,30,'3501ES09062010V10000551'),(2629,171,2363,1,27500,30,'3501ES09062010V10000552'),(2630,171,2364,1,27500,30,'3501ES09062010V10000553'),(2631,171,2365,1,27500,30,'3501ES09062010V10000554'),(2632,171,2366,1,27500,30,'3501ES09062010V10000555'),(2633,171,2367,1,27500,30,'3501ES09062010V10000556'),(2634,171,2368,1,27500,30,'3501ES09062010V10000557'),(2635,171,2369,1,27500,30,'3501ES09062010V10000558'),(2636,171,2370,1,27500,30,'3501ES09062010V10000559'),(2637,171,2371,1,27500,30,'3501ES09062010V10000560'),(2638,171,2372,1,27500,30,'3501ES09062010V10000561'),(2639,171,2373,1,27500,30,'3501ES09062010V10000562'),(2640,171,2374,1,27500,30,'3501ES09062010V10000563'),(2641,171,2375,1,27500,30,'3501ES09062010V10000564'),(2642,171,2376,1,27500,30,'3501ES09062010V10000565'),(2643,171,2377,1,27500,30,'3501ES09062010V10000566'),(2644,171,2378,1,27500,30,'3501ES09062010V10000567'),(2645,171,2379,1,27500,30,'3501ES09062010V10000568'),(2646,171,2380,1,27500,30,'3501ES09062010V10000569'),(2647,171,2381,1,27500,30,'3501ES09062010V10000570'),(2648,171,2382,1,27500,30,'3501ES09062010V10000571'),(2649,171,2383,1,27500,30,'3501ES09062010V10000572'),(2650,171,2384,1,27500,30,'3501ES09062010V10000573'),(2651,171,2385,1,27500,30,'3501ES09062010V10000574'),(2652,171,2386,1,27500,30,'3501ES09062010V10000575'),(2653,171,2387,1,27500,30,'3501ES09062010V10000576'),(2654,171,2388,1,27500,30,'3501ES09062010V10000577'),(2655,171,2389,1,27500,30,'3501ES09062010V10000578'),(2656,171,2390,1,27500,30,'3501ES09062010V10000579'),(2657,171,2391,1,27500,30,'3501ES09062010V10000580'),(2658,171,2392,1,27500,30,'3501ES09062010V10000581'),(2659,171,2393,1,27500,30,'3501ES09062010V10000582'),(2660,171,2394,1,27500,30,'3501ES09062010V10000583'),(2661,171,2395,1,27500,30,'3501ES09062010V10000584'),(2662,171,2396,1,27500,30,'3501ES09062010V10000585'),(2663,171,2397,1,27500,30,'3501ES09062010V10000586'),(2664,171,2398,1,27500,30,'3501ES09062010V10000587'),(2665,171,2399,1,27500,30,'3501ES09062010V10000588'),(2666,171,2400,1,27500,30,'3501ES09062010V10000589'),(2667,171,2401,1,27500,30,'3501ES09062010V10000590'),(2668,171,2402,1,27500,30,'3501ES09062010V10000591'),(2669,171,2403,1,27500,30,'3501ES09062010V10000592'),(2670,171,2404,1,27500,30,'3501ES09062010V10000593'),(2671,171,2405,1,27500,30,'3501ES09062010V10000594'),(2672,171,2406,1,27500,30,'3501ES09062010V10000595'),(2673,171,2407,1,27500,30,'3501ES09062010V10000596'),(2674,171,2408,1,27500,30,'3501ES09062010V10000597'),(2675,171,2409,1,27500,30,'3501ES09062010V10000598'),(2676,171,2410,1,27500,30,'3501ES09062010V10000599'),(2677,171,2411,1,27500,30,'3501ES09062010V10000600'),(2678,171,2412,1,27500,30,'3501ES09062010V10000601'),(2679,171,2413,1,27500,30,'3501ES09062010V10000602'),(2680,171,2414,1,27500,30,'3501ES09062010V10000603'),(2681,171,2415,1,27500,30,'3501ES09062010V10000604'),(2682,171,2416,1,27500,30,'3501ES09062010V10000605'),(2683,171,2417,1,27500,30,'3501ES09062010V10000606'),(2684,171,2418,1,27500,30,'3501ES09062010V10000607'),(2685,171,2419,1,27500,30,'3501ES09062010V10000608'),(2686,171,2420,1,27500,30,'3501ES09062010V10000609'),(2687,171,2421,1,27500,30,'3501ES09062010V10000610'),(2688,171,2422,1,27500,30,'3501ES09062010V10000611'),(2689,171,2423,1,27500,30,'3501ES09062010V10000612'),(2690,171,2424,1,27500,30,'3501ES09062010V10000613'),(2691,171,2425,1,27500,30,'3501ES09062010V10000614'),(2692,171,2426,1,27500,30,'3501ES09062010V10000615'),(2693,171,2427,1,27500,30,'3501ES09062010V10000616'),(2694,171,2428,1,27500,30,'3501ES09062010V10000617'),(2695,171,2429,1,27500,30,'3501ES09062010V10000618'),(2696,171,2430,1,27500,30,'3501ES09062010V10000619'),(2697,171,2431,1,27500,30,'3501ES09062010V10000620'),(2698,171,2432,1,27500,30,'3501ES09062010V10000621'),(2699,171,2433,1,27500,30,'3501ES09062010V10000622'),(2700,171,2434,1,27500,30,'3501ES09062010V10000623'),(2701,171,2435,1,27500,30,'3501ES09062010V10000624'),(2702,171,2436,1,27500,30,'3501ES09062010V10000625'),(2703,171,2437,1,27500,30,'3501ES09062010V10000626'),(2704,171,2438,1,27500,30,'3501ES09062010V10000627'),(2705,171,2439,1,27500,30,'3501ES09062010V10000628'),(2706,171,2440,1,27500,30,'3501ES09062010V10000629'),(2707,171,2441,1,27500,30,'3501ES09062010V10000630'),(2708,171,2442,1,27500,30,'3501ES09062010V10000631'),(2709,171,2443,1,27500,30,'3501ES09062010V10000632'),(2710,171,2444,1,27500,30,'3501ES09062010V10000633'),(2711,171,2445,1,27500,30,'3501ES09062010V10000634'),(2712,171,2446,1,27500,30,'3501ES09062010V10000635'),(2713,171,2447,1,27500,30,'3501ES09062010V10000636'),(2714,171,2448,1,27500,30,'3501ES09062010V10000637'),(2715,171,2449,1,27500,30,'3501ES09062010V10000638'),(2716,171,2450,1,27500,30,'3501ES09062010V10000639'),(2717,171,2451,1,27500,30,'3501ES09062010V10000640'),(2718,171,2452,1,27500,30,'3501ES09062010V10000641'),(2719,171,2453,1,27500,30,'3501ES09062010V10000642'),(2720,171,2454,1,27500,30,'3501ES09062010V10000643'),(2721,171,2455,1,27500,30,'3501ES09062010V10000644'),(2722,171,2456,1,27500,30,'3501ES09062010V10000645'),(2723,171,2457,1,27500,30,'3501ES09062010V10000646'),(2724,171,2458,1,27500,30,'3501ES09062010V10000647'),(2725,171,2459,1,27500,30,'3501ES09062010V10000648'),(2726,171,2460,1,27500,30,'3501ES09062010V10000649'),(2727,171,2461,1,27500,30,'3501ES09062010V10000650'),(2728,171,2462,1,27500,30,'3501ES09062010V10000651'),(2729,171,2463,1,27500,30,'3501ES09062010V10000652'),(2730,171,2464,1,27500,30,'3501ES09062010V10000653'),(2731,171,2465,1,27500,30,'3501ES09062010V10000654'),(2732,171,2466,1,27500,30,'3501ES09062010V10000655'),(2733,171,2467,1,27500,30,'3501ES09062010V10000656'),(2734,171,2468,1,27500,30,'3501ES09062010V10000657'),(2735,171,2469,1,27500,30,'3501ES09062010V10000658'),(2736,171,2470,1,27500,30,'3501ES09062010V10000659'),(2737,171,2471,1,27500,30,'3501ES09062010V10000660'),(2738,171,2472,1,27500,30,'3501ES09062010V10000661'),(2739,171,2473,1,27500,30,'3501ES09062010V10000662'),(2740,171,2474,1,27500,30,'3501ES09062010V10000663'),(2741,171,2475,1,27500,30,'3501ES09062010V10000664'),(2742,171,2476,1,27500,30,'3501ES09062010V10000665'),(2743,171,2477,1,27500,30,'3501ES09062010V10000666'),(2744,171,2478,1,27500,30,'3501ES09062010V10000667'),(2745,171,2479,1,27500,30,'3501ES09062010V10000668'),(2746,171,2480,1,27500,30,'3501ES09062010V10000669'),(2747,171,2481,1,27500,30,'3501ES09062010V10000670'),(2748,171,2482,1,27500,30,'3501ES09062010V10000671'),(2749,171,2483,1,27500,30,'3501ES09062010V10000672'),(2750,171,2484,1,27500,30,'3501ES09062010V10000673'),(2751,171,2485,1,27500,30,'3501ES09062010V10000674'),(2752,171,2486,1,27500,30,'3501ES09062010V10000675'),(2753,171,2487,1,27500,30,'3501ES09062010V10000676'),(2754,171,2488,1,27500,30,'3501ES09062010V10000677'),(2755,171,2489,1,27500,30,'3501ES09062010V10000678'),(2756,171,2490,1,27500,30,'3501ES09062010V10000679'),(2757,171,2491,1,27500,30,'3501ES09062010V10000680'),(2758,171,2492,1,27500,30,'3501ES09062010V10000681'),(2759,171,2493,1,27500,30,'3501ES09062010V10000682'),(2760,171,2494,1,27500,30,'3501ES09062010V10000683'),(2761,171,2495,1,27500,30,'3501ES09062010V10000684'),(2762,171,2496,1,27500,30,'3501ES09062010V10000685'),(2763,171,2497,1,27500,30,'3501ES09062010V10000686'),(2764,171,2498,1,27500,30,'3501ES09062010V10000687'),(2765,171,2499,1,27500,30,'3501ES09062010V10000688'),(2766,171,2500,1,27500,30,'3501ES09062010V10000689'),(2767,171,2501,1,27500,30,'3501ES09062010V10000690'),(2768,171,2502,1,27500,30,'3501ES09062010V10000691'),(2769,171,2503,1,27500,30,'3501ES09062010V10000692'),(2770,171,2504,1,27500,30,'3501ES09062010V10000693'),(2771,171,2505,1,27500,30,'3501ES09062010V10000694'),(2772,171,2506,1,27500,30,'3501ES09062010V10000695'),(2773,171,2507,1,27500,30,'3501ES09062010V10000696'),(2774,171,2508,1,27500,30,'3501ES09062010V10000697'),(2775,171,2509,1,27500,30,'3501ES09062010V10000698'),(2776,171,2510,1,27500,30,'3501ES09062010V10000699'),(2777,171,2511,1,27500,30,'3501ES09062010V10000700'),(2778,171,2512,1,27500,30,'3501ES09062010V10000701'),(2779,171,2513,1,27500,30,'3501ES09062010V10000702'),(2780,171,2514,1,27500,30,'3501ES09062010V10000703'),(2781,171,2515,1,27500,30,'3501ES09062010V10000704'),(2782,171,2516,1,27500,30,'3501ES09062010V10000705'),(2783,171,2517,1,27500,30,'3501ES09062010V10000706'),(2784,171,2518,1,27500,30,'3501ES09062010V10000707'),(2785,171,2519,1,27500,30,'3501ES09062010V10000708'),(2786,171,2520,1,27500,30,'3501ES09062010V10000709'),(2787,171,2521,1,27500,30,'3501ES09062010V10000710'),(2788,171,2522,1,27500,30,'3501ES09062010V10000711'),(2789,171,2523,1,27500,30,'3501ES09062010V10000712'),(2790,171,2524,1,27500,30,'3501ES09062010V10000713'),(2791,171,2525,1,27500,30,'3501ES09062010V10000714'),(2792,171,2526,1,27500,30,'3501ES09062010V10000715'),(2793,171,2527,1,27500,30,'3501ES09062010V10000716'),(2794,171,2528,1,27500,30,'3501ES09062010V10000717'),(2795,171,2529,1,27500,30,'3501ES09062010V10000718'),(2796,171,2530,1,27500,30,'3501ES09062010V10000719'),(2797,171,2531,1,27500,30,'3501ES09062010V10000720'),(2798,171,2532,1,27500,30,'3501ES09062010V10000721'),(2799,171,2533,1,27500,30,'3501ES09062010V10000722'),(2800,171,2534,1,27500,30,'3501ES09062010V10000723'),(2801,171,2535,1,27500,30,'3501ES09062010V10000724'),(2802,171,2536,1,27500,30,'3501ES09062010V10000725'),(2803,171,2537,1,27500,30,'3501ES09062010V10000726'),(2804,171,2538,1,27500,30,'3501ES09062010V10000727'),(2805,171,2539,1,27500,30,'3501ES09062010V10000728'),(2806,171,2540,1,27500,30,'3501ES09062010V10000729'),(2807,171,2541,1,27500,30,'3501ES09062010V10000730'),(2808,171,2542,1,27500,30,'3501ES09062010V10000731'),(2809,171,2543,1,27500,30,'3501ES09062010V10000732'),(2810,171,2544,1,27500,30,'3501ES09062010V10000733'),(2811,171,2545,1,27500,30,'3501ES09062010V10000734'),(2812,171,2546,1,27500,30,'3501ES09062010V10000735'),(2813,171,2547,1,27500,30,'3501ES09062010V10000736'),(2814,171,2548,1,27500,30,'3501ES09062010V10000737'),(2815,171,2549,1,27500,30,'3501ES09062010V10000738'),(2816,171,2550,1,27500,30,'3501ES09062010V10000739'),(2817,171,2551,1,27500,30,'3501ES09062010V10000740'),(2818,171,2552,1,27500,30,'3501ES09062010V10000741'),(2819,171,2553,1,27500,30,'3501ES09062010V10000742'),(2820,171,2554,1,27500,30,'3501ES09062010V10000743'),(2821,171,2555,1,27500,30,'3501ES09062010V10000744'),(2822,171,2556,1,27500,30,'3501ES09062010V10000745'),(2823,171,2557,1,27500,30,'3501ES09062010V10000746'),(2824,171,2558,1,27500,30,'3501ES09062010V10000747'),(2825,171,2559,1,27500,30,'3501ES09062010V10000748'),(2826,171,2560,1,27500,30,'3501ES09062010V10000749'),(2827,171,2561,1,27500,30,'3501ES09062010V10000750'),(2828,171,2562,1,27500,30,'3501ES09062010V10000751'),(2829,171,2563,1,27500,30,'3501ES09062010V10000752'),(2830,171,2564,1,27500,30,'3501ES09062010V10000753'),(2831,171,2565,1,27500,30,'3501ES09062010V10000754'),(2832,171,2566,1,27500,30,'3501ES09062010V10000755'),(2833,171,2567,1,27500,30,'3501ES09062010V10000756'),(2834,171,2568,1,27500,30,'3501ES09062010V10000757'),(2835,171,2569,1,27500,30,'3501ES09062010V10000758'),(2836,171,2570,1,27500,30,'3501ES09062010V10000759'),(2837,171,2571,1,27500,30,'3501ES09062010V10000760'),(2838,171,2572,1,27500,30,'3501ES09062010V10000761'),(2839,171,2573,1,27500,30,'3501ES09062010V10000762'),(2840,171,2574,1,27500,30,'3501ES09062010V10000763'),(2841,171,2575,1,27500,30,'3501ES09062010V10000764'),(2842,171,2576,1,27500,30,'3501ES09062010V10000765'),(2843,171,2577,1,27500,30,'3501ES09062010V10000766'),(2844,171,2578,1,27500,30,'3501ES09062010V10000767'),(2845,171,2579,1,27500,30,'3501ES09062010V10000768'),(2846,171,2580,1,27500,30,'3501ES09062010V10000769'),(2847,171,2581,1,27500,30,'3501ES09062010V10000770'),(2848,171,2582,1,27500,30,'3501ES09062010V10000771'),(2849,171,2583,1,27500,30,'3501ES09062010V10000772'),(2850,171,2584,1,27500,30,'3501ES09062010V10000773'),(2851,171,2585,1,27500,30,'3501ES09062010V10000774'),(2852,171,2586,1,27500,30,'3501ES09062010V10000775'),(2853,171,2587,1,27500,30,'3501ES09062010V10000776'),(2854,171,2588,1,27500,30,'3501ES09062010V10000777'),(2855,171,2589,1,27500,30,'3501ES09062010V10000778'),(2856,171,2590,1,27500,30,'3501ES09062010V10000779'),(2857,171,2591,1,27500,30,'3501ES09062010V10000780'),(2858,171,2592,1,27500,30,'3501ES09062010V10000781'),(2859,171,2593,1,27500,30,'3501ES09062010V10000782'),(2860,171,2594,1,27500,30,'3501ES09062010V10000783'),(2861,171,2595,1,27500,30,'3501ES09062010V10000784'),(2862,171,2596,1,27500,30,'3501ES09062010V10000785'),(2863,171,2597,1,27500,30,'3501ES09062010V10000786'),(2864,171,2598,1,27500,30,'3501ES09062010V10000787'),(2865,171,2599,1,27500,30,'3501ES09062010V10000788'),(2866,171,2600,1,27500,30,'3501ES09062010V10000789'),(2867,171,2601,1,27500,30,'3501ES09062010V10000790'),(2868,171,2602,1,27500,30,'3501ES09062010V10000791'),(2869,171,2603,1,27500,30,'3501ES09062010V10000792'),(2870,171,2604,1,27500,30,'3501ES09062010V10000793'),(2871,171,2605,1,27500,30,'3501ES09062010V10000794'),(2872,171,2606,1,27500,30,'3501ES09062010V10000795'),(2873,171,2607,1,27500,30,'3501ES09062010V10000796'),(2874,171,2608,1,27500,30,'3501ES09062010V10000797'),(2875,171,2609,1,27500,30,'3501ES09062010V10000798'),(2876,171,2610,1,27500,30,'3501ES09062010V10000799'),(2877,171,2611,1,27500,30,'3501ES09062010V10000800'),(2878,171,2612,1,27500,30,'3501ES09062010V10000801'),(2879,171,2613,1,27500,30,'3501ES09062010V10000802'),(2880,171,2614,1,27500,30,'3501ES09062010V10000803'),(2881,171,2615,1,27500,30,'3501ES09062010V10000804'),(2882,171,2616,1,27500,30,'3501ES09062010V10000805'),(2883,171,2617,1,27500,30,'3501ES09062010V10000806'),(2884,171,2618,1,27500,30,'3501ES09062010V10000807'),(2885,171,2619,1,27500,30,'3501ES09062010V10000808'),(2886,171,2620,1,27500,30,'3501ES09062010V10000809'),(2887,171,2621,1,27500,30,'3501ES09062010V10000810'),(2888,171,2622,1,27500,30,'3501ES09062010V10000811'),(2889,171,2623,1,27500,30,'3501ES09062010V10000812'),(2890,171,2624,1,27500,30,'3501ES09062010V10000813'),(2891,171,2625,1,27500,30,'3501ES09062010V10000814'),(2892,171,2626,1,27500,30,'3501ES09062010V10000815'),(2893,171,2627,1,27500,30,'3501ES09062010V10000816'),(2894,171,2628,1,27500,30,'3501ES09062010V10000817'),(2895,171,2629,1,27500,30,'3501ES09062010V10000818'),(2896,171,2630,1,27500,30,'3501ES09062010V10000819'),(2897,171,2631,1,27500,30,'3501ES09062010V10000820'),(2898,171,2632,1,27500,30,'3501ES09062010V10000821'),(2899,171,2633,1,27500,30,'3501ES09062010V10000822'),(2900,171,2634,1,27500,30,'3501ES09062010V10000823'),(2901,171,2635,1,27500,30,'3501ES09062010V10000824'),(2902,171,2636,1,27500,30,'3501ES09062010V10000825'),(2903,171,2637,1,27500,30,'3501ES09062010V10000826'),(2904,171,2638,1,27500,30,'3501ES09062010V10000827'),(2905,171,2639,1,27500,30,'3501ES09062010V10000828'),(2906,171,2640,1,27500,30,'3501ES09062010V10000829'),(2907,171,2641,1,27500,30,'3501ES09062010V10000830'),(2908,171,2642,1,27500,30,'3501ES09062010V10000831'),(2909,171,2643,1,27500,30,'3501ES09062010V10000832'),(2910,171,2644,1,27500,30,'3501ES09062010V10000833'),(2911,171,2645,1,27500,30,'3501ES09062010V10000834'),(2912,171,2646,1,27500,30,'3501ES09062010V10000835'),(2913,171,2647,1,27500,30,'3501ES09062010V10000836'),(2914,171,2648,1,27500,30,'3501ES09062010V10000837'),(2915,171,2649,1,27500,30,'3501ES09062010V10000838'),(2916,171,2650,1,27500,30,'3501ES09062010V10000839'),(2917,171,2651,1,27500,30,'3501ES09062010V10000840'),(2918,171,2652,1,27500,30,'3501ES09062010V10000841'),(2919,171,2653,1,27500,30,'3501ES09062010V10000842'),(2920,171,2654,1,27500,30,'3501ES09062010V10000843'),(2921,171,2655,1,27500,30,'3501ES09062010V10000844'),(2922,171,2656,1,27500,30,'3501ES09062010V10000845'),(2923,171,2657,1,27500,30,'3501ES09062010V10000846'),(2924,171,2658,1,27500,30,'3501ES09062010V10000847'),(2925,171,2659,1,27500,30,'3501ES09062010V10000848'),(2926,171,2660,1,27500,30,'3501ES09062010V10000849'),(2927,171,2661,1,27500,30,'3501ES09062010V10000850'),(2928,171,2662,1,27500,30,'3501ES09062010V10000851'),(2929,171,2663,1,27500,30,'3501ES09062010V10000852'),(2930,171,2664,1,27500,30,'3501ES09062010V10000853'),(2931,171,2665,1,27500,30,'3501ES09062010V10000854'),(2932,171,2666,1,27500,30,'3501ES09062010V10000855'),(2933,171,2667,1,27500,30,'3501ES09062010V10000856'),(2934,171,2668,1,27500,30,'3501ES09062010V10000857'),(2935,171,2669,1,27500,30,'3501ES09062010V10000858'),(2936,171,2670,1,27500,30,'3501ES09062010V10000859'),(2937,171,2671,1,27500,30,'3501ES09062010V10000860'),(2938,171,2672,1,27500,30,'3501ES09062010V10000861'),(2939,171,2673,1,27500,30,'3501ES09062010V10000862'),(2940,171,2674,1,27500,30,'3501ES09062010V10000863'),(2941,171,2675,1,27500,30,'3501ES09062010V10000864'),(2942,171,2676,1,27500,30,'3501ES09062010V10000865'),(2943,171,2677,1,27500,30,'3501ES09062010V10000866'),(2944,171,2678,1,27500,30,'3501ES09062010V10000867'),(2945,171,2679,1,27500,30,'3501ES09062010V10000868'),(2946,171,2680,1,27500,30,'3501ES09062010V10000869'),(2947,171,2681,1,27500,30,'3501ES09062010V10000870'),(2948,171,2682,1,27500,30,'3501ES09062010V10000871'),(2949,171,2683,1,27500,30,'3501ES09062010V10000872'),(2950,171,2684,1,27500,30,'3501ES09062010V10000873'),(2951,171,2685,1,27500,30,'3501ES09062010V10000874'),(2952,171,2686,1,27500,30,'3501ES09062010V10000875'),(2953,171,2687,1,27500,30,'3501ES09062010V10000876'),(2954,171,2688,1,27500,30,'3501ES09062010V10000877'),(2955,171,2689,1,27500,30,'3501ES09062010V10000878'),(2956,171,2690,1,27500,30,'3501ES09062010V10000879'),(2957,171,2691,1,27500,30,'3501ES09062010V10000880'),(2958,171,2692,1,27500,30,'3501ES09062010V10000881'),(2959,171,2693,1,27500,30,'3501ES09062010V10000882'),(2960,171,2694,1,27500,30,'3501ES09062010V10000883'),(2961,171,2695,1,27500,30,'3501ES09062010V10000884'),(2962,171,2696,1,27500,30,'3501ES09062010V10000885'),(2963,171,2697,1,27500,30,'3501ES09062010V10000886'),(2964,171,2698,1,27500,30,'3501ES09062010V10000887'),(2965,171,2699,1,27500,30,'3501ES09062010V10000888'),(2966,171,2700,1,27500,30,'3501ES09062010V10000889'),(2967,171,2701,1,27500,30,'3501ES09062010V10000890'),(2968,171,2702,1,27500,30,'3501ES09062010V10000891'),(2969,171,2703,1,27500,30,'3501ES09062010V10000892'),(2970,171,2704,1,27500,30,'3501ES09062010V10000893'),(2971,171,2705,1,27500,30,'3501ES09062010V10000894'),(2972,171,2706,1,27500,30,'3501ES09062010V10000895'),(2973,171,2707,1,27500,30,'3501ES09062010V10000896'),(2974,171,2708,1,27500,30,'3501ES09062010V10000897'),(2975,171,2709,1,27500,30,'3501ES09062010V10000898'),(2976,171,2710,1,27500,30,'3501ES09062010V10000899'),(2977,171,2711,1,27500,30,'3501ES09062010V10000900'),(2978,171,2712,1,27500,30,'3501ES09062010V10000901'),(2979,171,2713,1,27500,30,'3501ES09062010V10000902'),(2980,171,2714,1,27500,30,'3501ES09062010V10000903'),(2981,171,2715,1,27500,30,'3501ES09062010V10000904'),(2982,171,2716,1,27500,30,'3501ES09062010V10000905'),(2983,171,2717,1,27500,30,'3501ES09062010V10000906'),(2984,171,2718,1,27500,30,'3501ES09062010V10000907'),(2985,171,2719,1,27500,30,'3501ES09062010V10000908'),(2986,171,2720,1,27500,30,'3501ES09062010V10000909'),(2987,171,2721,1,27500,30,'3501ES09062010V10000910'),(2988,171,2722,1,27500,30,'3501ES09062010V10000911'),(2989,171,2723,1,27500,30,'3501ES09062010V10000912'),(2990,171,2724,1,27500,30,'3501ES09062010V10000913'),(2991,171,2725,1,27500,30,'3501ES09062010V10000914'),(2992,171,2726,1,27500,30,'3501ES09062010V10000915'),(2993,171,2727,1,27500,30,'3501ES09062010V10000916'),(2994,171,2728,1,27500,30,'3501ES09062010V10000917'),(2995,171,2729,1,27500,30,'3501ES09062010V10000918'),(2996,171,2730,1,27500,30,'3501ES09062010V10000919'),(2997,171,2731,1,27500,30,'3501ES09062010V10000920'),(2998,171,2732,1,27500,30,'3501ES09062010V10000921'),(2999,171,2733,1,27500,30,'3501ES09062010V10000922'),(3000,171,2734,1,27500,30,'3501ES09062010V10000923'),(3001,171,2735,1,27500,30,'3501ES09062010V10000924'),(3002,171,2736,1,27500,30,'3501ES09062010V10000925'),(3003,171,2737,1,27500,30,'3501ES09062010V10000926'),(3004,171,2738,1,27500,30,'3501ES09062010V10000927'),(3005,171,2739,1,27500,30,'3501ES09062010V10000928'),(3006,171,2740,1,27500,30,'3501ES09062010V10000929'),(3007,171,2741,1,27500,30,'3501ES09062010V10000930'),(3008,171,2742,1,27500,30,'3501ES09062010V10000931'),(3009,171,2743,1,27500,30,'3501ES09062010V10000932'),(3010,171,2744,1,27500,30,'3501ES09062010V10000933'),(3011,171,2745,1,27500,30,'3501ES09062010V10000934'),(3012,171,2746,1,27500,30,'3501ES09062010V10000935'),(3013,171,2747,1,27500,30,'3501ES09062010V10000936'),(3014,171,2748,1,27500,30,'3501ES09062010V10000937'),(3015,171,2749,1,27500,30,'3501ES09062010V10000938'),(3016,171,2750,1,27500,30,'3501ES09062010V10000939'),(3017,171,2751,1,27500,30,'3501ES09062010V10000940'),(3018,171,2752,1,27500,30,'3501ES09062010V10000941'),(3019,171,2753,1,27500,30,'3501ES09062010V10000942'),(3020,171,2754,1,27500,30,'3501ES09062010V10000943'),(3021,171,2755,1,27500,30,'3501ES09062010V10000944'),(3022,171,2756,1,27500,30,'3501ES09062010V10000945'),(3023,171,2757,1,27500,30,'3501ES09062010V10000946'),(3024,171,2758,1,27500,30,'3501ES09062010V10000947'),(3025,171,2759,1,27500,30,'3501ES09062010V10000948'),(3026,171,2760,1,27500,30,'3501ES09062010V10000949'),(3027,171,2761,1,27500,30,'3501ES09062010V10000950'),(3028,171,2762,1,27500,30,'3501ES09062010V10000951'),(3029,171,2763,1,27500,30,'3501ES09062010V10000952'),(3030,171,2764,1,27500,30,'3501ES09062010V10000953'),(3031,171,2765,1,27500,30,'3501ES09062010V10000954'),(3032,171,2766,1,27500,30,'3501ES09062010V10000955'),(3033,171,2767,1,27500,30,'3501ES09062010V10000956'),(3034,171,2768,1,27500,30,'3501ES09062010V10000957'),(3035,171,2769,1,27500,30,'3501ES09062010V10000958'),(3036,171,2770,1,27500,30,'3501ES09062010V10000959'),(3037,171,2771,1,27500,30,'3501ES09062010V10000960'),(3038,171,2772,1,27500,30,'3501ES09062010V10000961'),(3039,171,2773,1,27500,30,'3501ES09062010V10000962'),(3040,171,2774,1,27500,30,'3501ES09062010V10000963'),(3041,171,2775,1,27500,30,'3501ES09062010V10000964'),(3042,171,2776,1,27500,30,'3501ES09062010V10000965'),(3043,171,2777,1,27500,30,'3501ES09062010V10000966'),(3044,171,2778,1,27500,30,'3501ES09062010V10000967'),(3045,171,2779,1,27500,30,'3501ES09062010V10000968'),(3046,171,2780,1,27500,30,'3501ES09062010V10000969'),(3047,171,2781,1,27500,30,'3501ES09062010V10000970'),(3048,171,2782,1,27500,30,'3501ES09062010V10000971'),(3049,171,2783,1,27500,30,'3501ES09062010V10000972'),(3050,171,2784,1,27500,30,'3501ES09062010V10000973'),(3051,171,2785,1,27500,30,'3501ES09062010V10000974'),(3052,171,2786,1,27500,30,'3501ES09062010V10000975'),(3053,171,2787,1,27500,30,'3501ES09062010V10000976'),(3054,171,2788,1,27500,30,'3501ES09062010V10000977'),(3055,171,2789,1,27500,30,'3501ES09062010V10000978'),(3056,171,2790,1,27500,30,'3501ES09062010V10000979'),(3057,171,2791,1,27500,30,'3501ES09062010V10000980'),(3058,171,2792,1,27500,30,'3501ES09062010V10000981'),(3059,171,2793,1,27500,30,'3501ES09062010V10000982'),(3060,171,2794,1,27500,30,'3501ES09062010V10000983'),(3061,171,2795,1,27500,30,'3501ES09062010V10000984'),(3062,171,2796,1,27500,30,'3501ES09062010V10000985'),(3063,171,2797,1,27500,30,'3501ES09062010V10000986'),(3064,171,2798,1,27500,30,'3501ES09062010V10000987'),(3065,171,2799,1,27500,30,'3501ES09062010V10000988'),(3066,171,2800,1,27500,30,'3501ES09062010V10000989'),(3067,171,2801,1,27500,30,'3501ES09062010V10000990'),(3068,171,2802,1,27500,30,'3501ES09062010V10000991'),(3069,171,2803,1,27500,30,'3501ES09062010V10000992'),(3070,171,2804,1,27500,30,'3501ES09062010V10000993'),(3071,171,2805,1,27500,30,'3501ES09062010V10000994'),(3072,171,2806,1,27500,30,'3501ES09062010V10000995'),(3073,171,2807,1,27500,30,'3501ES09062010V10000996'),(3074,171,2808,1,27500,30,'3501ES09062010V10000997'),(3075,171,2809,1,27500,30,'3501ES09062010V10000998'),(3076,171,2810,1,27500,30,'3501ES09062010V10000999'),(3077,171,2811,1,27500,30,'3501ES09062010V10001000'),(3078,172,1139,1,0,15,'097T1214143'),(3079,172,1138,1,0,15,'097T1214686'),(3081,174,809,1,27000,10,'5VC1HPXQ'),(3082,174,829,1,27000,10,'5VC1PX24'),(3083,174,808,1,27000,10,'5VC1GFNO');
/*!40000 ALTER TABLE `tbItem` ENABLE KEYS */;
UNLOCK TABLES;

--
-- Table structure for table `tbMember`
--

DROP TABLE IF EXISTS `tbMember`;
CREATE TABLE `tbMember` (
  `id` int(11) NOT NULL auto_increment,
  `fdOrgID` int(11) default NULL,
  `fdRoleID` int(11) default NULL,
  PRIMARY KEY  (`id`),
  KEY `FK_Org_Member` (`fdOrgID`),
  KEY `FK_Role_Member` (`fdRoleID`)
) ENGINE=MyISAM AUTO_INCREMENT=181 DEFAULT CHARSET=utf8;

--
-- Dumping data for table `tbMember`
--

LOCK TABLES `tbMember` WRITE;
/*!40000 ALTER TABLE `tbMember` DISABLE KEYS */;
INSERT INTO `tbMember` VALUES (83,1,3),(84,1,7),(85,1,8),(86,1,9),(87,1,10),(175,2,12),(174,2,10),(168,4,10),(91,15,1),(167,4,3),(163,5,3),(94,6,3),(95,6,8),(96,7,3),(97,7,7),(98,13,2),(99,12,1),(100,9,4),(101,10,4),(102,11,4),(103,3,3),(104,14,2),(105,17,10),(106,17,3),(107,17,9),(108,17,8),(109,3,10),(110,57,6),(111,56,6),(112,45,5),(113,46,5),(114,47,5),(115,48,5),(116,49,5),(117,50,5),(149,81,5),(119,51,5),(120,52,5),(121,53,5),(122,54,5),(123,55,5),(124,56,5),(125,57,5),(126,58,5),(127,59,5),(128,60,5),(129,61,5),(130,62,5),(131,63,5),(132,64,5),(133,65,5),(134,66,5),(135,67,5),(177,94,5),(137,69,5),(138,70,5),(139,71,5),(141,73,5),(142,74,5),(143,75,5),(144,76,5),(145,77,5),(146,78,5),(147,79,5),(148,80,5),(150,82,5),(151,89,3),(152,81,5),(153,83,5),(154,84,5),(155,85,5),(156,86,5),(178,95,5),(158,88,5),(165,90,3),(164,5,11),(161,92,3),(162,93,2),(166,90,11),(169,4,11),(173,2,3),(176,92,13),(179,96,5),(180,97,5);
/*!40000 ALTER TABLE `tbMember` ENABLE KEYS */;
UNLOCK TABLES;

--
-- Table structure for table `tbObject`
--

DROP TABLE IF EXISTS `tbObject`;
CREATE TABLE `tbObject` (
  `id` int(11) NOT NULL auto_increment,
  `fdClassID` int(11) NOT NULL default '0',
  `fdSN` varchar(64) default NULL,
  `fdStatus` int(11) NOT NULL default '0' COMMENT '0-正常\r\n            1-在途，表示在tbBill记录已审核但未确认的状态',
  `fdQuantity` int(11) NOT NULL default '0' COMMENT '货物的数量\r\n            对于有唯一编码的货物，fdQuantity总是等于1\r\n            对于无唯一编码的货物，fdQuantity可为任意非负数',
  `fdCost` int(11) NOT NULL default '0' COMMENT '存货价格，以分为单位。\r\n            对于无唯一编码的商品，存货价格为加权平均值',
  `fdOrgID` int(11) NOT NULL default '0',
  PRIMARY KEY  (`id`),
  KEY `nxObject_Status` (`fdStatus`),
  KEY `FK_Class_Object` (`fdClassID`),
  KEY `FK_Object_Org` (`fdOrgID`)
) ENGINE=MyISAM AUTO_INCREMENT=2833 DEFAULT CHARSET=utf8 COMMENT='货物表';

--
-- Dumping data for table `tbObject`
--

LOCK TABLES `tbObject` WRITE;
/*!40000 ALTER TABLE `tbObject` DISABLE KEYS */;
INSERT INTO `tbObject` VALUES (798,7,'S1QAJDOQ902659',0,1,27500,13),(799,10,'5GH4UDJF',0,1,27000,13),(800,10,'5VC1DEJQ',0,1,27000,86),(801,10,'5VC1F473',0,1,27000,86),(802,10,'5VC1F4M8',0,1,27000,86),(803,10,'5VC1F4PY',0,1,27000,86),(804,10,'5VC1F54N',0,1,27000,13),(805,10,'5VC1GCSX',0,1,27000,13),(806,10,'5VC1GDFW',0,1,27000,86),(807,10,'5VC1GE3N',0,1,27000,13),(808,10,'5vc1gfno',0,1,27000,86),(809,10,'5VC1HPXQ',0,1,27000,86),(810,10,'5VC1HQA5',0,1,27000,13),(811,10,'5VC1HQBC',0,1,27000,86),(812,10,'5VC1HQCY',0,1,27000,86),(813,10,'5VC1J2SB',0,1,27000,13),(814,10,'5VC1K6X2',0,1,27000,86),(815,10,'5VC1KAKJ',0,1,27000,13),(816,10,'5VC1KWM7',0,1,27000,86),(817,10,'5VC1MSMR',0,1,27000,86),(818,10,'5VC1PADM',0,1,27000,13),(819,10,'5VC1PDAL',0,1,27000,13),(820,10,'5VC1PWQZ',0,1,27000,13),(821,10,'5VC1QK2B',0,1,27000,86),(822,10,'5VC1RLZ6',0,1,27000,86),(823,10,'5VC1RRME',0,1,27000,86),(824,10,'5VC1RV4K',0,1,27000,86),(825,10,'5VC1RV4T',0,1,27000,13),(826,10,'5VC1RVAT',0,1,27000,13),(827,10,'5VC1RVBE',0,1,27000,86),(828,10,'5VC1RW9D',0,1,27000,13),(829,10,'5VC1PX24',0,1,27000,86),(830,10,'LCK075TA',0,1,28500,13),(831,10,'QCG2A5RG',0,1,28500,86),(832,10,'QCG360GH',0,1,28500,86),(833,10,'QCG3806H',0,1,28500,86),(834,10,'QCG38SDH',0,1,28500,86),(835,10,'QCG3AZ5H',0,1,28500,86),(836,10,'QCG3DRDH',0,1,28500,86),(837,10,'QCG3G4XH',0,1,28500,86),(838,10,'QCG3GE8H',0,1,28500,86),(839,10,'QCG3GPNH',0,1,28500,86),(840,10,'QCG3J0YH',0,1,28500,86),(841,10,'QCG3J3JH',0,1,28500,86),(842,10,'QCG3J52H',0,1,28500,86),(843,10,'QCG3JP6H',0,1,28500,86),(844,10,'QCG3JYAH',0,1,28500,86),(845,10,'QCG3L7HH',0,1,28500,86),(846,10,'QCG3LW3H',0,1,28500,13),(847,10,'QCG406EH',0,1,28500,86),(848,10,'QCG4B06H',0,1,28500,86),(849,10,'QCG4PJDH',0,1,28500,86),(850,10,'QCG4VN5H',0,1,28500,86),(851,10,'QCG50L0H',0,1,28500,80),(852,10,'QCG51GWH',0,1,28500,86),(853,10,'QCG5381H',0,1,28500,86),(854,10,'QCG58APH',0,1,28500,86),(855,10,'QCG58BAH',0,1,28500,86),(856,10,'QCG58K2H',0,1,28500,13),(857,10,'QCG58NXH',0,1,28500,86),(858,10,'QCG58PVH',0,1,28500,86),(859,10,'S10UJDOQC76437',0,1,27500,13),(860,10,'S10UJF0S343133',0,1,27500,13),(861,10,'S10UJFOS352438',0,1,27500,13),(862,10,'S10UJFOS406130',0,1,27500,13),(863,10,'S10UJFOS406990',0,1,27500,86),(864,10,'VCDBYJ5A',0,1,27500,13),(865,10,'VCDBYU2A',0,1,27500,13),(866,11,'WDKK6PYF',0,1,31500,13),(867,12,'LEJNT5EA',0,1,50000,13),(868,13,'5QM3746B',0,1,56000,13),(869,13,'S1PTJ10S603664',0,1,56000,13),(870,14,'DR5526A074727',0,1,9500,13),(871,14,'DR55152023004',0,1,9500,13),(872,14,'DR55269012903',0,1,9500,13),(873,16,NULL,1,0,650,12),(874,17,NULL,1,0,290,12),(875,18,NULL,1,0,400,12),(876,23,'M020820AA014151',0,1,18600,13),(877,23,'M020820AA014153',0,1,18600,13),(878,23,'M020820AA014156',0,1,18600,13),(879,23,'M020820AA013806',0,1,18600,13),(880,23,'M020820AA013807',0,1,18600,13),(881,23,'M020820AA013808',0,1,18600,13),(882,23,'M020820AA013809',0,1,18600,13),(883,23,'M020820AA013810',0,1,18600,13),(884,23,'M020820AA013803',0,1,18600,13),(885,23,'M020820AA013804',0,1,18600,13),(886,23,'M020820AA013805',0,1,18600,13),(887,23,'M020820AA013802',0,1,18600,13),(888,23,'M020820AA013801',0,1,18600,13),(889,23,'M020820AA013930',0,1,18600,13),(890,23,'M020820AA013928',0,1,18600,13),(891,23,'M020820AA013926',0,1,18600,13),(892,23,'M020820AA013929',0,1,18600,13),(893,23,'M020820AA013927',0,1,18600,13),(894,23,'M020820AA013924',0,1,18600,13),(895,23,'M020820AA013925',0,1,18600,13),(896,23,'M020820AA013922',0,1,18600,13),(897,23,'M020820AA013921',0,1,18600,13),(898,23,'M020820AA013923',0,1,18600,13),(899,28,'9VS0SC78',0,1,104000,13),(900,28,'9VS0E15L',0,1,104000,13),(901,29,'9TE07BRR',0,1,89000,13),(902,29,'9QJ24SQ4',0,1,89000,13),(1238,45,'4125794547',0,1,0,45),(904,2,'3885544048',0,1,66000,13),(905,2,'3928059234',0,1,66000,89),(906,2,'3864286374',0,1,66000,13),(907,2,'228686902',0,1,66000,13),(908,2,'3928059237',0,1,66000,13),(1743,3,'31208250920',0,1,0,63),(1742,3,'nosn000436',0,1,0,86),(1741,3,'nosn000435',0,1,0,86),(1740,3,'nosn000434',0,1,0,86),(1739,3,'nosn000433',0,1,0,86),(1738,3,'nosn000432',0,1,0,86),(1737,3,'nosn000431',0,1,0,86),(1736,3,'nosn000430',0,1,0,86),(1735,3,'2929506642',0,1,0,62),(1734,3,'332322262',0,1,0,61),(1733,3,'3671548143',0,1,0,60),(1732,3,'4040763981',0,1,0,85),(1731,3,'nosn000411',0,1,0,90),(1730,3,'nosn000410',0,1,0,90),(1729,3,'1034375200',0,1,0,59),(1728,3,'374837561',0,1,0,58),(1727,3,'351187319',0,1,0,57),(1726,3,'nosn010001',0,1,0,5),(1725,2,'3949316777',0,1,0,5),(1724,3,'nosn000405',0,1,0,55),(1723,3,'000d4c051002',0,1,0,54),(1722,3,'2488957869',0,1,0,53),(1721,3,'4104536845',0,1,0,52),(1720,3,'2403927417',0,1,0,52),(1719,3,'4147052135',0,1,0,51),(1718,3,'4189567423',0,1,0,50),(1717,3,'4210824999',0,1,0,49),(1716,3,'4210824998',0,1,0,11),(1715,3,'4189567420',0,1,0,83),(1714,3,'4210825041',0,1,0,83),(1710,3,'nosn000500',0,1,0,46),(1709,3,'3671248137',0,1,0,82),(1708,3,'2488957861',0,1,0,81),(1707,3,'4125794547',0,1,0,45),(1706,29,'MHOXWUMB',0,1,89000,13),(1705,29,'5TB0BGSG',0,1,89000,13),(1704,3,'4232082665',0,1,50855,13),(1703,3,'4232082664',0,1,50855,13),(1702,3,'4232082587',0,1,50855,13),(1701,3,'4215794446',0,1,50855,13),(1700,3,'4210825044',0,1,50855,13),(1699,3,'4210825043',0,1,50855,13),(1698,3,'4210825007',0,1,50855,13),(1697,3,'4210824999',0,1,50855,13),(1696,3,'4189567431',0,1,50855,13),(1695,3,'4168309700',0,1,50855,13),(1694,3,'4168309696',0,1,50855,13),(1693,3,'4168309684',0,1,50855,13),(1692,3,'4147052059',0,1,50855,13),(1691,3,'4147052056',0,1,50855,13),(1690,3,'4125794446',0,1,50855,13),(1689,3,'4125794442',0,1,50855,80),(1688,3,'4104536958',0,1,50855,13),(1687,3,'4104536953',0,1,50855,13),(1686,3,'4104536847',0,1,50855,13),(1685,3,'4104536833',0,1,50855,13),(1684,3,'4040763978',0,1,50855,13),(1683,3,'4040763964',0,1,50855,13),(1682,3,'4019506397',0,1,50855,13),(1681,3,'4019506396',0,1,50855,13),(1680,3,'4019506350',0,1,50855,13),(1679,3,'4019506344',0,1,50855,13),(1678,3,'3671248137',0,1,50855,13),(1677,3,'3649990531',0,1,50855,13),(1676,3,'3628732950',0,1,50855,13),(1675,3,'3607475364',0,1,50855,13),(1674,3,'3586217799',0,1,50855,13),(1673,3,'3586217785',0,1,50855,13),(1672,3,'3564960043',0,1,50855,13),(1671,3,'3545977589',0,1,50855,13),(1670,3,'3543702505',0,1,50855,13),(1669,3,'3524719900',0,1,50855,13),(1668,3,'3524719894',0,1,50855,13),(1667,3,'3522444922',0,1,50855,13),(1666,3,'3503462354',0,1,50855,13),(1665,3,'3501187206',0,1,50855,13),(1664,3,'3501187204',0,1,50855,13),(1663,3,'3482204619',0,1,50855,13),(1662,3,'3482204607',0,1,50855,13),(1661,3,'3479929702',0,1,50855,13),(1660,3,'3479929697',0,1,50855,13),(1659,3,'3479929618',0,1,50855,13),(1658,3,'3460947038',0,1,50855,13),(1657,3,'3460946990',0,1,50855,13),(1656,3,'3460946984',0,1,50855,13),(1655,3,'3248370927',0,1,50855,13),(1654,3,'3248370842',0,1,50855,13),(1653,3,'3248370840',0,1,50855,13),(1652,3,'3227113310',0,1,50855,13),(1651,3,'3205855678',0,1,50855,13),(1650,3,'3205855671',0,1,50855,13),(1649,3,'3205855670',0,1,50855,13),(1648,3,'3205855666',0,1,50855,13),(1647,3,'3205855665',0,1,50855,13),(1646,3,'3205855664',0,1,50855,13),(1645,3,'3184597964',0,1,50855,13),(1644,3,'3184597943',0,1,50855,13),(1643,3,'3163340377',0,1,50855,13),(1642,3,'3163340327',0,1,50855,13),(1641,3,'3142082703',0,1,50855,13),(1640,3,'3142082701',0,1,50855,13),(1639,3,'3120825215',0,1,50855,13),(1638,3,'3120825213',0,1,50855,13),(1637,3,'3120825210',0,1,50855,13),(1636,3,'3120825208',0,1,50855,13),(1635,3,'3099567597',0,1,50855,13),(1634,3,'3099567594',0,1,50855,13),(1633,3,'3099567512',0,1,50855,13),(1237,4,'3034404762',0,1,71624,13),(1236,4,'2991889591',0,1,71624,13),(1235,4,'3013147227',0,1,71624,86),(1234,4,'3013147230',0,1,71624,86),(1233,4,'2906859019',0,1,71624,86),(1232,4,'2885601518',0,1,71624,86),(1231,4,'2906859021',0,1,71624,86),(1230,4,'2970631861',0,1,71624,86),(1229,4,'2928116727',0,1,71624,13),(1228,4,'2928116730',0,1,71624,86),(1227,4,'2885601432',0,1,71624,13),(1226,4,'2970631885',0,1,71624,13),(1225,4,'2885601436',0,1,71624,86),(1224,4,'2949374291',0,1,71624,86),(1223,4,'3013147181',0,1,71624,13),(1222,4,'3013147183',0,1,71624,13),(1221,4,'2991889589',0,1,71624,86),(1220,4,'2991889586',0,1,71624,86),(1219,4,'2885601513',0,1,71624,86),(1218,4,'3013147224',0,1,71624,86),(1217,4,'3034404764',0,1,71624,13),(1216,4,'2906859129',0,1,71624,86),(1215,4,'2906859134',0,1,71624,86),(1214,4,'3013147180',0,1,71624,86),(1213,4,'2906859130',0,1,71624,86),(1212,4,'3034404757',0,1,71624,86),(1211,4,'2885601425',0,1,71624,13),(1210,4,'3034404843',0,1,71624,86),(1209,4,'2928116735',0,1,71624,13),(1208,4,'3013147231',0,1,71624,13),(1207,4,'2991889602',0,1,71624,13),(1206,4,'3013147178',0,1,71624,13),(1205,4,'3013147171',0,1,71624,86),(1204,4,'2928116731',0,1,71624,86),(1203,4,'2991889604',0,1,71624,13),(1202,4,'2991889606',0,1,71624,13),(1201,4,'2949374290',0,1,71624,13),(1200,4,'2928116620',0,1,71624,86),(1199,4,'2885601435',0,1,71624,13),(1198,4,'2928116728',0,1,71624,86),(1197,4,'2885601433',0,1,71624,13),(1196,4,'2906859017',0,1,71624,86),(1195,4,'2885601516',0,1,71624,13),(1194,4,'2949374286',0,1,71624,86),(1193,4,'2906859010',0,1,71624,86),(1192,4,'3013147228',0,1,71624,86),(1191,4,'3034404765',0,1,71624,13),(1190,4,'2991889598',0,1,71624,86),(1189,4,'2949374293',0,1,71624,13),(1188,4,'3013147176',0,1,71624,13),(1187,4,'2991889605',0,1,71624,86),(1186,4,'2928116623',0,1,71624,86),(1185,4,'2928116619',0,1,71624,86),(1184,4,'2928116726',0,1,71624,13),(1183,4,'2970631863',0,1,71624,13),(1182,4,'2991889603',0,1,71624,13),(1181,4,'2949374288',0,1,71624,13),(1180,4,'3013147170',0,1,71624,13),(1179,4,'2970631858',0,1,71624,13),(1178,4,'2970631873',0,1,71624,86),(1177,4,'2928116733',0,1,71624,13),(1176,4,'2928116732',0,1,71624,13),(1175,4,'2991889588',0,1,71624,13),(1174,4,'2970631862',0,1,71624,13),(1173,4,'2928116734',0,1,71624,13),(1172,4,'2906859023',0,1,71624,86),(1171,4,'2991889599',0,1,71624,13),(1170,4,'2991889590',0,1,71624,13),(1169,4,'2928116618',0,1,71624,86),(1168,4,'2885601515',0,1,71624,13),(1167,4,'2949374295',0,1,71624,13),(1166,4,'3013147225',0,1,71624,86),(1165,4,'2991889601',0,1,71624,86),(1164,4,'3034404761',0,1,71624,86),(1163,4,'2885601437',0,1,71624,86),(1162,4,'2885601434',0,1,71624,13),(1161,4,'2906859133',0,1,71624,13),(1160,4,'3034404766',0,1,71624,86),(1159,4,'3013147177',0,1,71624,13),(1158,4,'2928116616',0,1,71624,86),(1157,4,'2906859011',0,1,71624,13),(1156,4,'2991889587',0,1,71624,13),(1155,4,'2991889585',0,1,71624,86),(1154,4,'2970631856',0,1,71624,86),(1153,4,'2928116621',0,1,71624,13),(1152,4,'2906859016',0,1,71624,13),(1151,4,'3034404846',0,1,71624,13),(1108,16,NULL,0,0,650,13),(1109,17,NULL,0,0,290,13),(1110,18,NULL,0,0,400,13),(1111,15,'9312022682',0,1,9200,13),(1112,15,'9312014685',0,1,9200,13),(1113,15,'9312014437',0,1,9200,13),(1114,15,'9312009636',0,1,9200,13),(1115,15,'9312014431',0,1,9200,13),(1116,15,'9312009549',0,1,9200,13),(1117,15,'9312017912',0,1,9200,13),(1118,15,'9312022687',0,1,9200,13),(1119,15,'097T1201124',0,1,7436,13),(1120,15,'097T1201473',0,1,7436,13),(1121,15,'097T1201371',0,1,7436,13),(1122,15,'097T1201125',0,1,7436,13),(1123,15,'097T1200635',0,1,7436,13),(1124,15,'097T1200647',0,1,7436,13),(1125,15,'097T1201417',0,1,7436,13),(1126,15,'097T1201305',0,1,7436,13),(1127,15,'097T1201361',0,1,7436,13),(1128,15,'097T1201433',0,1,7436,13),(1129,15,'097T1200998',0,1,7436,13),(1130,15,'097T1201020',0,1,7436,13),(1131,15,'097T1229200',0,1,7436,13),(1132,15,'097T1201359',0,1,7436,13),(1133,15,'097T1200644',0,1,7436,13),(1134,15,'097T1201310',0,1,7436,13),(1135,15,'097T1201472',0,1,7436,13),(1136,15,'097T1201117',0,1,7436,13),(1137,15,'097T1200997',0,1,7436,13),(1138,15,'097T1214686',0,1,7436,86),(1139,15,'097T1214143',0,1,7436,86),(1140,15,'097T1214465',0,1,7436,13),(1141,15,'097T1214462',0,1,7436,13),(1142,15,'097T1214931',0,1,7436,13),(1143,15,'097T1214908',0,1,7436,13),(1144,15,'097T1214851',0,1,7436,13),(1145,15,'097T1214855',0,1,7436,13),(1146,15,'097T1214144',0,1,7436,13),(1147,15,'097T1214912',0,1,7436,13),(1148,15,'097T1214842',0,1,7436,13),(1149,15,'097T1214853',0,1,7436,13),(1150,15,'097T1214838',0,1,7436,13),(1632,3,'2929506596',0,1,50855,13),(1631,3,'2929506592',0,1,50855,13),(1630,3,'2552730745',0,1,50855,13),(1629,3,'2531473037',0,1,50855,13),(1628,3,'2531473036',0,1,50855,13),(1627,3,'2531473035',0,1,50855,13),(1626,3,'2488957858',0,1,50855,13),(1625,3,'2467700281',0,1,50855,13),(1255,3,'nosn010000',0,1,0,5),(1624,3,'2467700274',0,1,50855,13),(1623,3,'2403927418',0,1,50855,13),(1622,3,'2403927409',0,1,50855,13),(1621,3,'2403927408',0,1,50855,86),(1620,3,'2403927307',0,1,50855,13),(1619,3,'2403927305',0,1,50855,13),(1618,3,'1055632872',0,1,50855,13),(1617,3,'1034375249',0,1,50855,13),(1616,3,'1013117634',0,1,50855,13),(1615,3,'1013117619',0,1,50855,13),(1614,3,'991859913',0,1,50855,13),(1279,8,'s15hjdoq326146',0,1,0,92),(2821,17,'',0,1,0,80),(2820,18,'',0,1,0,80),(2819,18,'',0,1,0,79),(2818,17,'',0,1,0,79),(1284,10,'vccjduvb',0,1,0,6),(1285,10,'5gh4u4hf',0,1,0,49),(1286,10,'nosn00017',0,1,0,48),(1287,10,'nosn00018',0,1,0,50),(2816,10,'nosn646658',0,1,0,67),(1289,10,'vcdd8rra',0,1,0,51),(1290,10,'lck074nh',0,1,0,52),(1291,10,'vcdd4k2a',0,1,0,53),(1292,10,'vcdn5hrc',0,1,0,55),(1293,10,'grksd6mv',0,1,0,5),(1294,10,'s10vjf0s323798',0,1,0,56),(1295,10,'s10ujfs304726',0,1,0,57),(1296,10,'nosn00020',0,1,0,1),(1297,10,'qmgot2ga',0,1,0,59),(1298,10,'s10ujfos336568',0,1,0,85),(1299,10,'s10ujfos338023',0,1,0,60),(1300,10,'qnaoswma',0,1,0,61),(1301,10,'nosn00021',0,1,0,86),(1302,10,'nosn00022',0,1,0,86),(1303,10,'nosn00023',0,1,0,86),(1304,10,'nosn00024',0,1,0,86),(1305,10,'nosn00025',0,1,0,86),(1306,10,'nosn00026',0,1,0,88),(1307,10,'nosn00027',0,1,0,88),(1308,10,'nosn00028',0,1,0,88),(1309,10,'1cjxbj3h',0,1,0,63),(1310,10,'1cnjxeb5h',0,1,0,62),(1311,10,'9ng10a6b',0,1,0,64),(1312,10,'vceawtc',0,1,0,65),(1313,10,'s10ujfos351956',0,1,0,66),(1314,10,'nosn0002',0,1,0,5),(1315,10,'nosn00029',0,1,0,86),(1316,10,'nosn00030',0,1,0,86),(1317,10,'nosn00031',0,1,0,86),(1318,10,'nosn00032',0,1,0,86),(1319,10,'nosn00033',0,1,0,86),(1320,15,'9115005939',0,1,0,85),(1321,15,'9116007694',0,1,0,53),(1322,15,'nosn00034',0,1,0,48),(1323,15,'nosn00035',0,1,0,5),(1324,15,'nosn00036',0,1,0,5),(1325,15,'nosn00037',0,1,0,90),(1326,15,'nosn00038',0,1,0,90),(1327,15,'nosn00039',0,1,0,86),(1328,15,'nosn00040',0,1,0,86),(1329,15,'nosn00041',0,1,0,86),(1330,15,'nosn00042',0,1,0,86),(1331,15,'nosn00043',0,1,0,86),(1332,15,'nosn00044',0,1,0,86),(1333,15,'nosn00045',0,1,0,86),(1334,15,'nosn00046',0,1,0,86),(1335,15,'nosn00047',0,1,0,86),(1336,15,'nosn00048',0,1,0,86),(1337,15,'nosn00049',0,1,0,86),(1338,15,'nosn00050',0,1,0,86),(1347,15,'nosn00056',0,1,0,86),(1346,15,'nosn00057',0,1,0,86),(2817,16,'',0,1,0,79),(1350,15,'nosn00053',0,1,0,86),(1349,15,'nosn00054',0,1,0,86),(1348,15,'nosn00055',0,1,0,86),(1352,17,'',0,1,0,81),(1353,17,'',0,1,0,82),(1354,17,'',0,1,0,46),(1355,17,'',0,2,0,83),(1356,17,'',0,1,0,6),(1357,17,'',0,1,0,49),(1358,17,'',0,1,0,50),(1359,17,'',0,1,0,51),(1360,17,'',0,2,0,52),(1361,17,'',0,1,0,53),(1362,17,'',0,1,0,54),(1363,17,'',0,1,0,55),(1364,17,'',0,3,0,5),(1366,17,'',0,1,0,56),(1367,17,'',0,1,0,57),(1368,17,'',0,1,0,58),(1369,17,'',0,1,0,59),(1370,17,'',0,1,0,90),(1371,17,'',0,1,0,90),(1372,17,'',0,1,0,85),(1373,17,'',0,1,0,60),(1374,17,'',0,1,0,61),(1375,17,'',0,1,0,62),(1376,17,'',0,2,0,86),(1377,17,'',0,1,0,63),(1378,17,'',0,1,0,64),(1379,17,'',0,1,0,65),(1380,17,'',0,1,0,66),(1381,17,'',0,1,0,67),(1382,17,'',0,5,0,86),(2812,16,'',0,1,0,49),(1385,18,'',0,2,0,83),(1386,18,'',0,1,0,6),(1387,18,'',0,1,0,49),(1388,18,'',0,1,0,50),(1389,18,'',0,1,0,51),(1390,18,'',0,2,0,52),(1391,18,'',0,1,0,53),(1392,18,'',0,1,0,54),(1393,18,'',0,1,0,55),(1394,18,'',0,2,0,5),(1395,18,'',0,1,0,56),(1396,18,'',0,1,0,57),(1397,18,'',0,1,0,58),(1398,18,'',0,1,0,59),(1399,18,'',0,2,0,90),(1400,18,'',0,1,0,85),(1401,18,'',0,1,0,59),(1402,18,'',0,1,0,60),(1403,18,'',0,1,0,61),(1404,18,'',0,2,0,86),(1405,18,'',0,1,0,63),(1406,18,'',0,1,0,64),(1407,18,'',0,1,0,65),(1408,18,'',0,1,0,66),(1409,18,'',0,1,0,67),(1410,16,'',0,2,0,81),(1411,16,'',0,2,0,82),(1413,16,'',0,2,0,83),(1414,16,'',0,1,0,6),(1415,16,'',0,1,0,50),(1416,16,'',0,1,0,51),(1417,16,'',0,1,0,52),(1418,16,'',0,1,0,52),(1419,16,'',0,1,0,53),(1420,16,'',0,1,0,54),(1421,16,'',0,1,0,55),(1422,16,'',0,2,0,5),(2814,3,'2488957862',0,1,0,56),(1424,16,'',0,1,0,56),(1425,16,'',0,1,0,57),(1426,16,'',0,1,0,58),(1427,16,'',0,1,0,59),(1428,16,'',0,2,0,90),(1429,16,'',0,1,0,85),(1430,16,'',0,1,0,60),(1431,16,'',0,1,0,61),(1432,16,'',0,1,0,62),(1433,16,'',0,2,0,86),(1434,16,'',0,1,0,63),(1435,16,'',0,1,0,64),(1436,16,'',0,1,0,65),(1437,16,'',0,1,0,66),(1438,16,'',0,1,0,67),(1613,3,'991859910',0,1,50855,13),(1612,3,'991859906',0,1,50855,86),(1611,3,'991859904',0,1,50855,13),(1610,3,'991859893',0,1,50855,13),(1609,3,'970602351',0,1,50855,13),(1608,3,'970602348',0,1,50855,13),(1607,3,'970602271',0,1,50855,13),(1606,3,'949344655',0,1,50855,13),(1605,3,'949344653',0,1,50855,13),(1604,3,'502383176',0,1,50855,13),(1603,3,'502383175',0,1,50855,13),(1602,3,'417352709',0,1,50855,13),(1601,3,'396095150',0,1,50855,13),(1600,3,'396095148',0,1,50855,13),(1599,3,'374837578',0,1,50855,13),(1598,3,'374837556',0,1,50855,13),(1597,3,'353579855',0,1,50855,13),(1596,3,'289807096',0,1,50855,79),(1595,3,'289806979',0,1,50855,13),(1476,10,'qcg25kkh',0,1,0,70),(1477,10,'vcdditxa',0,1,0,71),(1478,10,'9cg2t11h',0,1,0,95),(1479,10,'9cg26uhh',0,1,0,96),(1480,10,'vcdbytka',0,1,0,97),(1481,10,'s1a8jd0s422473',0,1,0,86),(1482,10,'s1a8jd0s422478',0,1,0,86),(1483,10,'s1a8jd0s422467',0,1,0,86),(1484,10,'s1a8jd0s422471',0,1,0,86),(1485,10,'9cg1582h',0,1,0,73),(1486,10,'s10vjfos338023',0,1,0,94),(1487,10,'s1a8jdos431543',0,1,0,86),(1488,10,'s1abjdos431550',0,1,0,86),(1489,10,'s1a8jdos431544',0,1,0,86),(1490,10,'nosn00098',0,1,0,86),(1491,10,'nosn00099',0,1,0,86),(1492,10,'nosn000100',0,1,0,86),(1493,10,'nosn000101',0,1,0,86),(1494,10,'nosn000102',0,1,0,86),(1495,10,'nosn000103',0,1,0,86),(1496,10,'nosn000104',0,1,0,86),(1497,10,'nosn000105',0,1,0,86),(1498,10,'nosn000106',0,1,0,86),(1499,10,'nosn000107',0,1,0,86),(1500,10,'nosn000108',0,1,0,86),(1501,10,'nosn000109',0,1,0,86),(1502,10,'nosn000110',0,1,0,86),(1503,10,'nosn000111',0,1,0,86),(1504,10,'s100j10s302670',0,1,0,76),(1505,10,'s10vj90s435356',0,1,0,77),(1506,10,'s10ujpos435363',0,1,0,78),(1507,10,'s10uj10s302668',0,1,0,79),(1508,10,'s10ujfos407158',0,1,0,86),(1509,10,'s10ujdos406366',0,1,0,86),(1510,10,'nosn000102',0,1,0,86),(1511,10,'nosn000103',0,1,0,86),(1512,10,'nosn000104',0,1,0,86),(1513,10,'nosn000105',0,1,0,86),(1514,10,'nosn000106',0,1,0,86),(1515,10,'nosn000107',0,1,0,86),(1516,10,'nosn000108',0,1,0,86),(1517,10,'nosn000119',0,1,0,86),(1518,10,'nosn000120',0,1,0,86),(1519,10,'nosn000121',0,1,0,86),(1520,10,'hrksoskd',0,1,0,90),(1521,10,'noso000200',0,1,0,59),(1522,10,'noso000201',0,1,0,59),(1523,10,'noso000202',0,1,0,59),(1524,10,'noso000203',0,1,0,59),(1525,10,'noso000204',0,1,0,59),(1526,15,'9312014434',0,1,0,70),(1527,15,'nosn000205',0,1,0,95),(1528,15,'nosn000206',0,1,0,96),(1529,15,'9312009503',0,1,0,97),(1530,15,'9312009543',0,1,0,86),(1531,15,'931214757',0,1,0,86),(1532,15,'9312014432',0,1,0,94),(1533,15,'nosn00020',0,1,0,86),(1534,15,'nosn000209',0,1,0,86),(1535,15,'nosn000210',0,1,0,86),(1536,15,'nosn000211',0,1,0,86),(1537,15,'nosn000212',0,1,0,86),(1538,15,'9312022688',0,1,0,84),(1539,15,'nosn000213',0,1,0,86),(1540,15,'nosn000214',0,1,0,86),(1541,15,'nosn000215',0,1,0,86),(1542,15,'nosn000216',0,1,0,86),(1543,15,'nosn000217',0,1,0,86),(1544,15,'nosn000218',0,1,0,86),(1545,15,'nosn000219',0,1,0,86),(1546,15,'nosn000220',0,1,0,86),(1547,15,'nosn000221',0,1,0,86),(1548,15,'nosn000222',0,1,0,86),(1549,15,'nosn000223',0,1,0,86),(1550,15,'nosn000224',0,1,0,86),(1551,15,'nosn000225',0,1,0,86),(1552,15,'nosn000226',0,1,0,86),(1553,15,'9312009492',0,1,0,86),(1554,15,'9312022676',0,1,0,86),(2813,10,'nosn055555',0,1,0,5),(1556,17,'',0,1,0,69),(1557,17,'',0,1,0,70),(1558,17,'',0,1,0,71),(1562,16,'',0,1,0,71),(1563,16,'',0,1,0,70),(1564,16,'',0,1,0,69),(1567,18,'',0,1,0,69),(1568,18,'',0,1,0,70),(1569,18,'',0,1,0,71),(1570,17,'',0,31,0,86),(1571,18,'',0,31,0,86),(1572,16,'',0,31,0,86),(1573,16,'',0,5,0,59),(1574,17,'',0,5,0,59),(1575,18,'',0,5,0,59),(1576,18,'',0,1,0,94),(1577,18,'',0,1,0,73),(1578,16,'',0,1,0,73),(1579,16,'',0,1,0,94),(1580,17,'',0,1,0,94),(1581,17,'',0,1,0,73),(1582,17,'',0,1,0,74),(1583,17,'',0,1,0,76),(1584,17,'',0,1,0,77),(1585,17,'',0,1,0,78),(1586,16,'',0,1,0,78),(1587,16,'',0,1,0,77),(1588,16,'',0,1,0,76),(1589,16,'',0,1,0,74),(1590,18,'',0,1,0,74),(1591,18,'',0,1,0,76),(1592,18,'',0,1,0,77),(1593,18,'',0,1,0,78),(2822,16,'',0,1,0,80),(1744,3,'2552730635',0,1,0,64),(1745,31,'nosn000437',0,1,0,1),(1746,3,'4253340169',0,1,0,65),(1747,3,'4019506392',0,1,0,66),(1748,3,'nosn000438',0,1,0,67),(1749,4,'nosn000900',0,1,0,9),(1750,4,'nosn000901',0,1,0,9),(1751,4,'3034404847',0,1,0,86),(1752,4,'nosn000902',0,1,0,86),(1753,4,'nosn000903',0,1,0,86),(1754,4,'nosn000904',0,1,0,86),(1755,4,'nosn000905',0,1,0,86),(1756,4,'nosn000906',0,1,0,86),(1757,4,'nosn000907',0,1,0,86),(1758,4,'nosn000908',0,1,0,86),(1759,4,'nosn000909',0,1,0,86),(1803,17,NULL,1,2,0,13),(2815,18,'',0,1,0,62),(1762,3,'4189567413',0,1,0,69),(1763,3,'4253340174',0,1,0,70),(1764,3,'2552730751',0,1,0,71),(1765,3,'2552730632',0,1,0,95),(1766,3,'nosn000920',0,1,0,96),(1767,3,'3184597965',0,1,0,97),(1768,3,'2531473147',0,1,0,86),(1769,3,'2531473145',0,1,0,86),(1770,3,'4147052142',0,1,0,86),(1771,3,'4125794546',0,1,0,86),(1772,3,'4125794445',0,1,0,73),(1773,3,'3543702508',0,1,0,94),(1774,3,'4019506399',0,1,0,86),(1775,3,'2425184925',0,1,0,86),(1776,3,'410453680',0,1,0,84),(1777,3,'3142082813',0,1,0,74),(1778,31,'nosn000930',0,1,0,74),(1779,31,'nosn000931',0,1,0,74),(1780,3,'nosn000932',0,1,0,86),(1781,3,'nosn000933',0,1,0,86),(1782,3,'nosn000934',0,1,0,86),(1783,3,'nosn000935',0,1,0,86),(1784,3,'nosn000936',0,1,0,86),(1785,3,'nosn000937',0,1,0,86),(1786,3,'nosn000938',0,1,0,86),(1787,3,'nosn000939',0,1,0,86),(1788,3,'nosn000940',0,1,0,86),(1789,3,'nosn000941',0,1,0,86),(1790,3,'nosn000942',0,1,0,86),(1791,3,'nosn000943',0,1,0,86),(1792,3,'nosn000944',0,1,0,86),(1793,3,'nosn000945',0,1,0,86),(1794,3,'2467700273',0,1,0,76),(1795,3,'41019506398',0,1,0,77),(1796,3,'3671248143',0,1,0,78),(1797,3,'2425185000',0,1,0,86),(1798,3,'nosn000950',0,1,0,59),(1799,3,'nosn000951',0,1,0,59),(1800,3,'nosn000952',0,1,0,59),(1801,3,'nosn000953',0,1,0,59),(1802,3,'nosn000954',0,1,0,59),(1804,16,NULL,1,2,0,13),(1805,18,NULL,1,2,0,13),(1806,16,NULL,0,0,0,80),(1807,17,NULL,0,0,0,80),(1808,18,NULL,0,0,0,80),(1809,16,NULL,0,0,0,79),(1810,17,NULL,0,0,0,79),(1811,18,NULL,0,0,0,79),(1812,30,'3501ES09062010V10000001',0,1,27500,13),(1813,30,'3501ES09062010V10000002',0,1,27500,13),(1814,30,'3501ES09062010V10000003',0,1,27500,13),(1815,30,'3501ES09062010V10000004',0,1,27500,13),(1816,30,'3501ES09062010V10000005',0,1,27500,13),(1817,30,'3501ES09062010V10000006',0,1,27500,13),(1818,30,'3501ES09062010V10000007',0,1,27500,13),(1819,30,'3501ES09062010V10000008',0,1,27500,13),(1820,30,'3501ES09062010V10000009',0,1,27500,13),(1821,30,'3501ES09062010V10000010',0,1,27500,13),(1822,30,'3501ES09062010V10000011',0,1,27500,13),(1823,30,'3501ES09062010V10000012',0,1,27500,13),(1824,30,'3501ES09062010V10000013',0,1,27500,13),(1825,30,'3501ES09062010V10000014',0,1,27500,13),(1826,30,'3501ES09062010V10000015',0,1,27500,13),(1827,30,'3501ES09062010V10000016',0,1,27500,13),(1828,30,'3501ES09062010V10000017',0,1,27500,13),(1829,30,'3501ES09062010V10000018',0,1,27500,13),(1830,30,'3501ES09062010V10000019',0,1,27500,13),(1831,30,'3501ES09062010V10000020',0,1,27500,13),(1832,30,'3501ES09062010V10000021',0,1,27500,13),(1833,30,'3501ES09062010V10000022',0,1,27500,13),(1834,30,'3501ES09062010V10000023',0,1,27500,13),(1835,30,'3501ES09062010V10000024',0,1,27500,13),(1836,30,'3501ES09062010V10000025',0,1,27500,13),(1837,30,'3501ES09062010V10000026',0,1,27500,13),(1838,30,'3501ES09062010V10000027',0,1,27500,13),(1839,30,'3501ES09062010V10000028',0,1,27500,13),(1840,30,'3501ES09062010V10000029',0,1,27500,13),(1841,30,'3501ES09062010V10000030',0,1,27500,13),(1842,30,'3501ES09062010V10000031',0,1,27500,13),(1843,30,'3501ES09062010V10000032',0,1,27500,13),(1844,30,'3501ES09062010V10000033',0,1,27500,13),(1845,30,'3501ES09062010V10000034',0,1,27500,13),(1846,30,'3501ES09062010V10000035',0,1,27500,13),(1847,30,'3501ES09062010V10000036',0,1,27500,13),(1848,30,'3501ES09062010V10000037',0,1,27500,13),(1849,30,'3501ES09062010V10000038',0,1,27500,13),(1850,30,'3501ES09062010V10000039',0,1,27500,13),(1851,30,'3501ES09062010V10000040',0,1,27500,13),(1852,30,'3501ES09062010V10000041',0,1,27500,13),(1853,30,'3501ES09062010V10000042',0,1,27500,13),(1854,30,'3501ES09062010V10000043',0,1,27500,13),(1855,30,'3501ES09062010V10000044',0,1,27500,13),(1856,30,'3501ES09062010V10000045',0,1,27500,13),(1857,30,'3501ES09062010V10000046',0,1,27500,13),(1858,30,'3501ES09062010V10000047',0,1,27500,13),(1859,32,'3501ES09062010V10000048',0,1,27500,13),(1860,30,'3501ES09062010V10000049',0,1,27500,13),(1861,30,'3501ES09062010V10000050',0,1,27500,13),(1862,30,'3501ES09062010V10000051',0,1,27500,13),(1863,30,'3501ES09062010V10000052',0,1,27500,13),(1864,30,'3501ES09062010V10000053',0,1,27500,13),(1865,30,'3501ES09062010V10000054',0,1,27500,13),(1866,30,'3501ES09062010V10000055',0,1,27500,13),(1867,30,'3501ES09062010V10000056',0,1,27500,13),(1868,30,'3501ES09062010V10000057',0,1,27500,13),(1869,30,'3501ES09062010V10000058',0,1,27500,13),(1870,30,'3501ES09062010V10000059',0,1,27500,13),(1871,30,'3501ES09062010V10000060',0,1,27500,13),(1872,30,'3501ES09062010V10000061',0,1,27500,13),(1873,30,'3501ES09062010V10000062',0,1,27500,13),(1874,30,'3501ES09062010V10000063',0,1,27500,13),(1875,30,'3501ES09062010V10000064',0,1,27500,13),(1876,30,'3501ES09062010V10000065',0,1,27500,13),(1877,30,'3501ES09062010V10000066',0,1,27500,13),(1878,30,'3501ES09062010V10000067',0,1,27500,13),(1879,30,'3501ES09062010V10000068',0,1,27500,13),(1880,30,'3501ES09062010V10000069',0,1,27500,13),(1881,30,'3501ES09062010V10000070',0,1,27500,13),(1882,30,'3501ES09062010V10000071',0,1,27500,13),(1883,30,'3501ES09062010V10000072',0,1,27500,13),(1884,30,'3501ES09062010V10000073',0,1,27500,13),(1885,30,'3501ES09062010V10000074',0,1,27500,13),(1886,30,'3501ES09062010V10000075',0,1,27500,13),(1887,30,'3501ES09062010V10000076',0,1,27500,13),(1888,30,'3501ES09062010V10000077',0,1,27500,13),(1889,30,'3501ES09062010V10000078',0,1,27500,13),(1890,30,'3501ES09062010V10000079',0,1,27500,13),(1891,30,'3501ES09062010V10000080',0,1,27500,13),(1892,30,'3501ES09062010V10000081',0,1,27500,13),(1893,30,'3501ES09062010V10000082',0,1,27500,13),(1894,30,'3501ES09062010V10000083',0,1,27500,13),(1895,30,'3501ES09062010V10000084',0,1,27500,13),(1896,30,'3501ES09062010V10000085',0,1,27500,13),(1897,30,'3501ES09062010V10000086',0,1,27500,13),(1898,30,'3501ES09062010V10000087',0,1,27500,13),(1899,30,'3501ES09062010V10000088',0,1,27500,13),(1900,30,'3501ES09062010V10000089',0,1,27500,13),(1901,30,'3501ES09062010V10000090',0,1,27500,13),(1902,30,'3501ES09062010V10000091',0,1,27500,13),(1903,30,'3501ES09062010V10000092',0,1,27500,13),(1904,30,'3501ES09062010V10000093',0,1,27500,13),(1905,30,'3501ES09062010V10000094',0,1,27500,13),(1906,30,'3501ES09062010V10000095',0,1,27500,13),(1907,30,'3501ES09062010V10000096',0,1,27500,13),(1908,30,'3501ES09062010V10000097',0,1,27500,13),(1909,30,'3501ES09062010V10000098',0,1,27500,13),(1910,30,'3501ES09062010V10000099',0,1,27500,13),(1911,30,'3501ES09062010V10000100',0,1,27500,13),(1912,30,'3501ES09062010V10000101',0,1,27500,13),(1913,30,'3501ES09062010V10000102',0,1,27500,13),(1914,30,'3501ES09062010V10000103',0,1,27500,13),(1915,30,'3501ES09062010V10000104',0,1,27500,13),(1916,30,'3501ES09062010V10000105',0,1,27500,13),(1917,30,'3501ES09062010V10000106',0,1,27500,13),(1918,30,'3501ES09062010V10000107',0,1,27500,13),(1919,30,'3501ES09062010V10000108',0,1,27500,13),(1920,30,'3501ES09062010V10000109',0,1,27500,13),(1921,30,'3501ES09062010V10000110',0,1,27500,13),(1922,30,'3501ES09062010V10000111',0,1,27500,13),(1923,30,'3501ES09062010V10000112',0,1,27500,13),(1924,30,'3501ES09062010V10000113',0,1,27500,13),(1925,30,'3501ES09062010V10000114',0,1,27500,13),(1926,30,'3501ES09062010V10000115',0,1,27500,13),(1927,30,'3501ES09062010V10000116',0,1,27500,13),(1928,30,'3501ES09062010V10000117',0,1,27500,13),(1929,30,'3501ES09062010V10000118',0,1,27500,13),(1930,30,'3501ES09062010V10000119',0,1,27500,13),(1931,30,'3501ES09062010V10000120',0,1,27500,13),(1932,30,'3501ES09062010V10000121',0,1,27500,13),(1933,30,'3501ES09062010V10000122',0,1,27500,13),(1934,30,'3501ES09062010V10000123',0,1,27500,13),(1935,30,'3501ES09062010V10000124',0,1,27500,13),(1936,30,'3501ES09062010V10000125',0,1,27500,13),(1937,30,'3501ES09062010V10000126',0,1,27500,13),(1938,30,'3501ES09062010V10000127',0,1,27500,13),(1939,30,'3501ES09062010V10000128',0,1,27500,13),(1940,30,'3501ES09062010V10000129',0,1,27500,13),(1941,30,'3501ES09062010V10000130',0,1,27500,13),(1942,30,'3501ES09062010V10000131',0,1,27500,13),(1943,30,'3501ES09062010V10000132',0,1,27500,13),(1944,30,'3501ES09062010V10000133',0,1,27500,13),(1945,30,'3501ES09062010V10000134',0,1,27500,13),(1946,30,'3501ES09062010V10000135',0,1,27500,13),(1947,30,'3501ES09062010V10000136',0,1,27500,13),(1948,30,'3501ES09062010V10000137',0,1,27500,13),(1949,30,'3501ES09062010V10000138',0,1,27500,13),(1950,30,'3501ES09062010V10000139',0,1,27500,13),(1951,30,'3501ES09062010V10000140',0,1,27500,13),(1952,30,'3501ES09062010V10000141',0,1,27500,13),(1953,30,'3501ES09062010V10000142',0,1,27500,13),(1954,30,'3501ES09062010V10000143',0,1,27500,13),(1955,30,'3501ES09062010V10000144',0,1,27500,13),(1956,30,'3501ES09062010V10000145',0,1,27500,13),(1957,30,'3501ES09062010V10000146',0,1,27500,13),(1958,30,'3501ES09062010V10000147',0,1,27500,13),(1959,30,'3501ES09062010V10000148',0,1,27500,13),(1960,30,'3501ES09062010V10000149',0,1,27500,13),(1961,30,'3501ES09062010V10000150',0,1,27500,13),(1962,30,'3501ES09062010V10000151',0,1,27500,13),(1963,30,'3501ES09062010V10000152',0,1,27500,13),(1964,30,'3501ES09062010V10000153',0,1,27500,13),(1965,30,'3501ES09062010V10000154',0,1,27500,13),(1966,30,'3501ES09062010V10000155',0,1,27500,13),(1967,30,'3501ES09062010V10000156',0,1,27500,13),(1968,30,'3501ES09062010V10000157',0,1,27500,13),(1969,30,'3501ES09062010V10000158',0,1,27500,13),(1970,30,'3501ES09062010V10000159',0,1,27500,13),(1971,30,'3501ES09062010V10000160',0,1,27500,13),(1972,30,'3501ES09062010V10000161',0,1,27500,13),(1973,30,'3501ES09062010V10000162',0,1,27500,13),(1974,30,'3501ES09062010V10000163',0,1,27500,13),(1975,30,'3501ES09062010V10000164',0,1,27500,13),(1976,30,'3501ES09062010V10000165',0,1,27500,13),(1977,30,'3501ES09062010V10000166',0,1,27500,13),(1978,30,'3501ES09062010V10000167',0,1,27500,13),(1979,30,'3501ES09062010V10000168',0,1,27500,13),(1980,30,'3501ES09062010V10000169',0,1,27500,13),(1981,30,'3501ES09062010V10000170',0,1,27500,13),(1982,30,'3501ES09062010V10000171',0,1,27500,13),(1983,30,'3501ES09062010V10000172',0,1,27500,13),(1984,30,'3501ES09062010V10000173',0,1,27500,13),(1985,30,'3501ES09062010V10000174',0,1,27500,13),(1986,30,'3501ES09062010V10000175',0,1,27500,13),(1987,30,'3501ES09062010V10000176',0,1,27500,13),(1988,30,'3501ES09062010V10000177',0,1,27500,13),(1989,30,'3501ES09062010V10000178',0,1,27500,13),(1990,30,'3501ES09062010V10000179',0,1,27500,13),(1991,30,'3501ES09062010V10000180',0,1,27500,13),(1992,30,'3501ES09062010V10000181',0,1,27500,13),(1993,30,'3501ES09062010V10000182',0,1,27500,13),(1994,30,'3501ES09062010V10000183',0,1,27500,13),(1995,30,'3501ES09062010V10000184',0,1,27500,13),(1996,30,'3501ES09062010V10000185',0,1,27500,13),(1997,30,'3501ES09062010V10000186',0,1,27500,13),(1998,30,'3501ES09062010V10000187',0,1,27500,13),(1999,30,'3501ES09062010V10000188',0,1,27500,13),(2000,30,'3501ES09062010V10000189',0,1,27500,13),(2001,30,'3501ES09062010V10000190',0,1,27500,13),(2002,30,'3501ES09062010V10000191',0,1,27500,13),(2003,30,'3501ES09062010V10000192',0,1,27500,13),(2004,30,'3501ES09062010V10000193',0,1,27500,13),(2005,30,'3501ES09062010V10000194',0,1,27500,13),(2006,30,'3501ES09062010V10000195',0,1,27500,13),(2007,30,'3501ES09062010V10000196',0,1,27500,13),(2008,30,'3501ES09062010V10000197',0,1,27500,13),(2009,30,'3501ES09062010V10000198',0,1,27500,13),(2010,30,'3501ES09062010V10000199',0,1,27500,13),(2011,30,'3501ES09062010V10000200',0,1,27500,13),(2012,30,'3501ES09062010V10000201',0,1,27500,13),(2013,30,'3501ES09062010V10000202',0,1,27500,13),(2014,30,'3501ES09062010V10000203',0,1,27500,13),(2015,30,'3501ES09062010V10000204',0,1,27500,13),(2016,30,'3501ES09062010V10000205',0,1,27500,13),(2017,30,'3501ES09062010V10000206',0,1,27500,13),(2018,30,'3501ES09062010V10000207',0,1,27500,13),(2019,30,'3501ES09062010V10000208',0,1,27500,13),(2020,30,'3501ES09062010V10000209',0,1,27500,13),(2021,30,'3501ES09062010V10000210',0,1,27500,13),(2022,30,'3501ES09062010V10000211',0,1,27500,13),(2023,30,'3501ES09062010V10000212',0,1,27500,13),(2024,30,'3501ES09062010V10000213',0,1,27500,13),(2025,30,'3501ES09062010V10000214',0,1,27500,13),(2026,30,'3501ES09062010V10000215',0,1,27500,13),(2027,30,'3501ES09062010V10000216',0,1,27500,13),(2028,30,'3501ES09062010V10000217',0,1,27500,13),(2029,30,'3501ES09062010V10000218',0,1,27500,13),(2030,30,'3501ES09062010V10000219',0,1,27500,13),(2031,30,'3501ES09062010V10000220',0,1,27500,13),(2032,30,'3501ES09062010V10000221',0,1,27500,13),(2033,30,'3501ES09062010V10000222',0,1,27500,13),(2034,30,'3501ES09062010V10000223',0,1,27500,13),(2035,30,'3501ES09062010V10000224',0,1,27500,13),(2036,30,'3501ES09062010V10000225',0,1,27500,13),(2037,30,'3501ES09062010V10000226',0,1,27500,13),(2038,30,'3501ES09062010V10000227',0,1,27500,13),(2039,30,'3501ES09062010V10000228',0,1,27500,13),(2040,30,'3501ES09062010V10000229',0,1,27500,13),(2041,30,'3501ES09062010V10000230',0,1,27500,13),(2042,30,'3501ES09062010V10000231',0,1,27500,13),(2043,30,'3501ES09062010V10000232',0,1,27500,13),(2044,30,'3501ES09062010V10000233',0,1,27500,13),(2045,30,'3501ES09062010V10000234',0,1,27500,13),(2046,30,'3501ES09062010V10000235',0,1,27500,13),(2047,30,'3501ES09062010V10000236',0,1,27500,13),(2048,30,'3501ES09062010V10000237',0,1,27500,13),(2049,30,'3501ES09062010V10000238',0,1,27500,13),(2050,30,'3501ES09062010V10000239',0,1,27500,13),(2051,30,'3501ES09062010V10000240',0,1,27500,13),(2052,30,'3501ES09062010V10000241',0,1,27500,13),(2053,30,'3501ES09062010V10000242',0,1,27500,13),(2054,30,'3501ES09062010V10000243',0,1,27500,13),(2055,30,'3501ES09062010V10000244',0,1,27500,13),(2056,30,'3501ES09062010V10000245',0,1,27500,13),(2057,30,'3501ES09062010V10000246',0,1,27500,13),(2058,30,'3501ES09062010V10000247',0,1,27500,13),(2059,30,'3501ES09062010V10000248',0,1,27500,13),(2060,30,'3501ES09062010V10000249',0,1,27500,13),(2061,30,'3501ES09062010V10000250',0,1,27500,13),(2062,30,'3501ES09062010V10000251',0,1,27500,13),(2063,30,'3501ES09062010V10000252',0,1,27500,13),(2064,30,'3501ES09062010V10000253',0,1,27500,13),(2065,30,'3501ES09062010V10000254',0,1,27500,13),(2066,30,'3501ES09062010V10000255',0,1,27500,13),(2067,30,'3501ES09062010V10000256',0,1,27500,13),(2068,30,'3501ES09062010V10000257',0,1,27500,13),(2069,30,'3501ES09062010V10000258',0,1,27500,13),(2070,30,'3501ES09062010V10000259',0,1,27500,13),(2071,30,'3501ES09062010V10000260',0,1,27500,13),(2072,30,'3501ES09062010V10000261',0,1,27500,13),(2073,30,'3501ES09062010V10000262',0,1,27500,13),(2074,30,'3501ES09062010V10000263',0,1,27500,13),(2075,30,'3501ES09062010V10000264',0,1,27500,13),(2076,30,'3501ES09062010V10000265',0,1,27500,13),(2077,30,'3501ES09062010V10000266',0,1,27500,13),(2078,30,'3501ES09062010V10000267',0,1,27500,13),(2079,30,'3501ES09062010V10000268',0,1,27500,13),(2080,30,'3501ES09062010V10000269',0,1,27500,13),(2081,30,'3501ES09062010V10000270',0,1,27500,13),(2082,30,'3501ES09062010V10000271',0,1,27500,13),(2083,30,'3501ES09062010V10000272',0,1,27500,13),(2084,30,'3501ES09062010V10000273',0,1,27500,13),(2085,30,'3501ES09062010V10000274',0,1,27500,13),(2086,30,'3501ES09062010V10000275',0,1,27500,13),(2087,30,'3501ES09062010V10000276',0,1,27500,13),(2088,30,'3501ES09062010V10000277',0,1,27500,13),(2089,30,'3501ES09062010V10000278',0,1,27500,13),(2090,30,'3501ES09062010V10000279',0,1,27500,13),(2091,30,'3501ES09062010V10000280',0,1,27500,13),(2092,30,'3501ES09062010V10000281',0,1,27500,13),(2093,30,'3501ES09062010V10000282',0,1,27500,13),(2094,30,'3501ES09062010V10000283',0,1,27500,13),(2095,30,'3501ES09062010V10000284',0,1,27500,13),(2096,30,'3501ES09062010V10000285',0,1,27500,13),(2097,30,'3501ES09062010V10000286',0,1,27500,13),(2098,30,'3501ES09062010V10000287',0,1,27500,13),(2099,30,'3501ES09062010V10000288',0,1,27500,13),(2100,30,'3501ES09062010V10000289',0,1,27500,13),(2101,30,'3501ES09062010V10000290',0,1,27500,13),(2102,30,'3501ES09062010V10000291',0,1,27500,13),(2103,30,'3501ES09062010V10000292',0,1,27500,13),(2104,30,'3501ES09062010V10000293',0,1,27500,13),(2105,30,'3501ES09062010V10000294',0,1,27500,13),(2106,30,'3501ES09062010V10000295',0,1,27500,13),(2107,30,'3501ES09062010V10000296',0,1,27500,13),(2108,30,'3501ES09062010V10000297',0,1,27500,13),(2109,30,'3501ES09062010V10000298',0,1,27500,13),(2110,30,'3501ES09062010V10000299',0,1,27500,13),(2111,30,'3501ES09062010V10000300',0,1,27500,13),(2112,30,'3501ES09062010V10000301',0,1,27500,13),(2113,30,'3501ES09062010V10000302',0,1,27500,13),(2114,30,'3501ES09062010V10000303',0,1,27500,13),(2115,30,'3501ES09062010V10000304',0,1,27500,13),(2116,30,'3501ES09062010V10000305',0,1,27500,13),(2117,30,'3501ES09062010V10000306',0,1,27500,13),(2118,30,'3501ES09062010V10000307',0,1,27500,13),(2119,30,'3501ES09062010V10000308',0,1,27500,13),(2120,30,'3501ES09062010V10000309',0,1,27500,13),(2121,30,'3501ES09062010V10000310',0,1,27500,13),(2122,30,'3501ES09062010V10000311',0,1,27500,13),(2123,30,'3501ES09062010V10000312',0,1,27500,13),(2124,30,'3501ES09062010V10000313',0,1,27500,13),(2125,30,'3501ES09062010V10000314',0,1,27500,13),(2126,30,'3501ES09062010V10000315',0,1,27500,13),(2127,30,'3501ES09062010V10000316',0,1,27500,13),(2128,30,'3501ES09062010V10000317',0,1,27500,13),(2129,30,'3501ES09062010V10000318',0,1,27500,13),(2130,30,'3501ES09062010V10000319',0,1,27500,13),(2131,30,'3501ES09062010V10000320',0,1,27500,13),(2132,30,'3501ES09062010V10000321',0,1,27500,13),(2133,30,'3501ES09062010V10000322',0,1,27500,13),(2134,30,'3501ES09062010V10000323',0,1,27500,13),(2135,30,'3501ES09062010V10000324',0,1,27500,13),(2136,30,'3501ES09062010V10000325',0,1,27500,13),(2137,30,'3501ES09062010V10000326',0,1,27500,13),(2138,30,'3501ES09062010V10000327',0,1,27500,13),(2139,30,'3501ES09062010V10000328',0,1,27500,13),(2140,30,'3501ES09062010V10000329',0,1,27500,13),(2141,30,'3501ES09062010V10000330',0,1,27500,13),(2142,30,'3501ES09062010V10000331',0,1,27500,13),(2143,30,'3501ES09062010V10000332',0,1,27500,13),(2144,30,'3501ES09062010V10000333',0,1,27500,13),(2145,30,'3501ES09062010V10000334',0,1,27500,13),(2146,30,'3501ES09062010V10000335',0,1,27500,13),(2147,30,'3501ES09062010V10000336',0,1,27500,13),(2148,30,'3501ES09062010V10000337',0,1,27500,13),(2149,30,'3501ES09062010V10000338',0,1,27500,13),(2150,30,'3501ES09062010V10000339',0,1,27500,13),(2151,30,'3501ES09062010V10000340',0,1,27500,13),(2152,30,'3501ES09062010V10000341',0,1,27500,13),(2153,30,'3501ES09062010V10000342',0,1,27500,13),(2154,30,'3501ES09062010V10000343',0,1,27500,13),(2155,30,'3501ES09062010V10000344',0,1,27500,13),(2156,30,'3501ES09062010V10000345',0,1,27500,13),(2157,30,'3501ES09062010V10000346',0,1,27500,13),(2158,30,'3501ES09062010V10000347',0,1,27500,13),(2159,30,'3501ES09062010V10000348',0,1,27500,13),(2160,30,'3501ES09062010V10000349',0,1,27500,13),(2161,30,'3501ES09062010V10000350',0,1,27500,13),(2162,30,'3501ES09062010V10000351',0,1,27500,13),(2163,30,'3501ES09062010V10000352',0,1,27500,13),(2164,30,'3501ES09062010V10000353',0,1,27500,13),(2165,30,'3501ES09062010V10000354',0,1,27500,13),(2166,30,'3501ES09062010V10000355',0,1,27500,13),(2167,30,'3501ES09062010V10000356',0,1,27500,13),(2168,30,'3501ES09062010V10000357',0,1,27500,13),(2169,30,'3501ES09062010V10000358',0,1,27500,13),(2170,30,'3501ES09062010V10000359',0,1,27500,13),(2171,30,'3501ES09062010V10000360',0,1,27500,13),(2172,30,'3501ES09062010V10000361',0,1,27500,13),(2173,30,'3501ES09062010V10000362',0,1,27500,13),(2174,30,'3501ES09062010V10000363',0,1,27500,13),(2175,30,'3501ES09062010V10000364',0,1,27500,13),(2176,30,'3501ES09062010V10000365',0,1,27500,13),(2177,30,'3501ES09062010V10000366',0,1,27500,13),(2178,30,'3501ES09062010V10000367',0,1,27500,13),(2179,30,'3501ES09062010V10000368',0,1,27500,13),(2180,30,'3501ES09062010V10000369',0,1,27500,13),(2181,30,'3501ES09062010V10000370',0,1,27500,13),(2182,30,'3501ES09062010V10000371',0,1,27500,13),(2183,30,'3501ES09062010V10000372',0,1,27500,13),(2184,30,'3501ES09062010V10000373',0,1,27500,13),(2185,30,'3501ES09062010V10000374',0,1,27500,13),(2186,30,'3501ES09062010V10000375',0,1,27500,13),(2187,30,'3501ES09062010V10000376',0,1,27500,13),(2188,30,'3501ES09062010V10000377',0,1,27500,13),(2189,30,'3501ES09062010V10000378',0,1,27500,13),(2190,30,'3501ES09062010V10000379',0,1,27500,13),(2191,30,'3501ES09062010V10000380',0,1,27500,13),(2192,30,'3501ES09062010V10000381',0,1,27500,13),(2193,30,'3501ES09062010V10000382',0,1,27500,13),(2194,30,'3501ES09062010V10000383',0,1,27500,13),(2195,30,'3501ES09062010V10000384',0,1,27500,13),(2196,30,'3501ES09062010V10000385',0,1,27500,13),(2197,30,'3501ES09062010V10000386',0,1,27500,13),(2198,30,'3501ES09062010V10000387',0,1,27500,13),(2199,30,'3501ES09062010V10000388',0,1,27500,13),(2200,30,'3501ES09062010V10000389',0,1,27500,13),(2201,30,'3501ES09062010V10000390',0,1,27500,13),(2202,30,'3501ES09062010V10000391',0,1,27500,13),(2203,30,'3501ES09062010V10000392',0,1,27500,13),(2204,30,'3501ES09062010V10000393',0,1,27500,13),(2205,30,'3501ES09062010V10000394',0,1,27500,13),(2206,30,'3501ES09062010V10000395',0,1,27500,13),(2207,30,'3501ES09062010V10000396',0,1,27500,13),(2208,30,'3501ES09062010V10000397',0,1,27500,13),(2209,30,'3501ES09062010V10000398',0,1,27500,13),(2210,30,'3501ES09062010V10000399',0,1,27500,13),(2211,30,'3501ES09062010V10000400',0,1,27500,13),(2212,30,'3501ES09062010V10000401',0,1,27500,13),(2213,30,'3501ES09062010V10000402',0,1,27500,13),(2214,30,'3501ES09062010V10000403',0,1,27500,13),(2215,30,'3501ES09062010V10000404',0,1,27500,13),(2216,30,'3501ES09062010V10000405',0,1,27500,13),(2217,30,'3501ES09062010V10000406',0,1,27500,13),(2218,30,'3501ES09062010V10000407',0,1,27500,13),(2219,30,'3501ES09062010V10000408',0,1,27500,13),(2220,30,'3501ES09062010V10000409',0,1,27500,13),(2221,30,'3501ES09062010V10000410',0,1,27500,13),(2222,30,'3501ES09062010V10000411',0,1,27500,13),(2223,30,'3501ES09062010V10000412',0,1,27500,13),(2224,30,'3501ES09062010V10000413',0,1,27500,13),(2225,30,'3501ES09062010V10000414',0,1,27500,13),(2226,30,'3501ES09062010V10000415',0,1,27500,13),(2227,30,'3501ES09062010V10000416',0,1,27500,13),(2228,30,'3501ES09062010V10000417',0,1,27500,13),(2229,30,'3501ES09062010V10000418',0,1,27500,13),(2230,30,'3501ES09062010V10000419',0,1,27500,13),(2231,30,'3501ES09062010V10000420',0,1,27500,13),(2232,30,'3501ES09062010V10000421',0,1,27500,13),(2233,30,'3501ES09062010V10000422',0,1,27500,13),(2234,30,'3501ES09062010V10000423',0,1,27500,13),(2235,30,'3501ES09062010V10000424',0,1,27500,13),(2236,30,'3501ES09062010V10000425',0,1,27500,13),(2237,30,'3501ES09062010V10000426',0,1,27500,13),(2238,30,'3501ES09062010V10000427',0,1,27500,13),(2239,30,'3501ES09062010V10000428',0,1,27500,13),(2240,30,'3501ES09062010V10000429',0,1,27500,13),(2241,30,'3501ES09062010V10000430',0,1,27500,13),(2242,30,'3501ES09062010V10000431',0,1,27500,13),(2243,30,'3501ES09062010V10000432',0,1,27500,13),(2244,30,'3501ES09062010V10000433',0,1,27500,13),(2245,30,'3501ES09062010V10000434',0,1,27500,13),(2246,30,'3501ES09062010V10000435',0,1,27500,13),(2247,30,'3501ES09062010V10000436',0,1,27500,13),(2248,30,'3501ES09062010V10000437',0,1,27500,13),(2249,30,'3501ES09062010V10000438',0,1,27500,13),(2250,30,'3501ES09062010V10000439',0,1,27500,13),(2251,30,'3501ES09062010V10000440',0,1,27500,13),(2252,30,'3501ES09062010V10000441',0,1,27500,13),(2253,30,'3501ES09062010V10000442',0,1,27500,13),(2254,30,'3501ES09062010V10000443',0,1,27500,13),(2255,30,'3501ES09062010V10000444',0,1,27500,13),(2256,30,'3501ES09062010V10000445',0,1,27500,13),(2257,30,'3501ES09062010V10000446',0,1,27500,13),(2258,30,'3501ES09062010V10000447',0,1,27500,13),(2259,30,'3501ES09062010V10000448',0,1,27500,13),(2260,30,'3501ES09062010V10000449',0,1,27500,13),(2261,30,'3501ES09062010V10000450',0,1,27500,13),(2262,30,'3501ES09062010V10000451',0,1,27500,13),(2263,30,'3501ES09062010V10000452',0,1,27500,13),(2264,30,'3501ES09062010V10000453',0,1,27500,13),(2265,30,'3501ES09062010V10000454',0,1,27500,13),(2266,30,'3501ES09062010V10000455',0,1,27500,13),(2267,30,'3501ES09062010V10000456',0,1,27500,13),(2268,30,'3501ES09062010V10000457',0,1,27500,13),(2269,30,'3501ES09062010V10000458',0,1,27500,13),(2270,30,'3501ES09062010V10000459',0,1,27500,13),(2271,30,'3501ES09062010V10000460',0,1,27500,13),(2272,30,'3501ES09062010V10000461',0,1,27500,13),(2273,30,'3501ES09062010V10000462',0,1,27500,13),(2274,30,'3501ES09062010V10000463',0,1,27500,13),(2275,30,'3501ES09062010V10000464',0,1,27500,13),(2276,30,'3501ES09062010V10000465',0,1,27500,13),(2277,30,'3501ES09062010V10000466',0,1,27500,13),(2278,30,'3501ES09062010V10000467',0,1,27500,13),(2279,30,'3501ES09062010V10000468',0,1,27500,13),(2280,30,'3501ES09062010V10000469',0,1,27500,13),(2281,30,'3501ES09062010V10000470',0,1,27500,13),(2282,30,'3501ES09062010V10000471',0,1,27500,13),(2283,30,'3501ES09062010V10000472',0,1,27500,13),(2284,30,'3501ES09062010V10000473',0,1,27500,13),(2285,30,'3501ES09062010V10000474',0,1,27500,13),(2286,30,'3501ES09062010V10000475',0,1,27500,13),(2287,30,'3501ES09062010V10000476',0,1,27500,13),(2288,30,'3501ES09062010V10000477',0,1,27500,13),(2289,30,'3501ES09062010V10000478',0,1,27500,13),(2290,30,'3501ES09062010V10000479',0,1,27500,13),(2291,30,'3501ES09062010V10000480',0,1,27500,13),(2292,30,'3501ES09062010V10000481',0,1,27500,13),(2293,30,'3501ES09062010V10000482',0,1,27500,13),(2294,30,'3501ES09062010V10000483',0,1,27500,13),(2295,30,'3501ES09062010V10000484',0,1,27500,13),(2296,30,'3501ES09062010V10000485',0,1,27500,13),(2297,30,'3501ES09062010V10000486',0,1,27500,13),(2298,30,'3501ES09062010V10000487',0,1,27500,13),(2299,30,'3501ES09062010V10000488',0,1,27500,13),(2300,30,'3501ES09062010V10000489',0,1,27500,13),(2301,30,'3501ES09062010V10000490',0,1,27500,13),(2302,30,'3501ES09062010V10000491',0,1,27500,13),(2303,30,'3501ES09062010V10000492',0,1,27500,13),(2304,30,'3501ES09062010V10000493',0,1,27500,13),(2305,30,'3501ES09062010V10000494',0,1,27500,13),(2306,30,'3501ES09062010V10000495',0,1,27500,13),(2307,30,'3501ES09062010V10000496',0,1,27500,13),(2308,30,'3501ES09062010V10000497',0,1,27500,13),(2309,30,'3501ES09062010V10000498',0,1,27500,13),(2310,30,'3501ES09062010V10000499',0,1,27500,13),(2311,30,'3501ES09062010V10000500',0,1,27500,13),(2312,30,'3501ES09062010V10000501',0,1,27500,13),(2313,30,'3501ES09062010V10000502',0,1,27500,13),(2314,30,'3501ES09062010V10000503',0,1,27500,13),(2315,30,'3501ES09062010V10000504',0,1,27500,13),(2316,30,'3501ES09062010V10000505',0,1,27500,13),(2317,30,'3501ES09062010V10000506',0,1,27500,13),(2318,30,'3501ES09062010V10000507',0,1,27500,13),(2319,30,'3501ES09062010V10000508',0,1,27500,13),(2320,30,'3501ES09062010V10000509',0,1,27500,13),(2321,30,'3501ES09062010V10000510',0,1,27500,13),(2322,30,'3501ES09062010V10000511',0,1,27500,13),(2323,30,'3501ES09062010V10000512',0,1,27500,13),(2324,30,'3501ES09062010V10000513',0,1,27500,13),(2325,30,'3501ES09062010V10000514',0,1,27500,13),(2326,30,'3501ES09062010V10000515',0,1,27500,13),(2327,30,'3501ES09062010V10000516',0,1,27500,13),(2328,30,'3501ES09062010V10000517',0,1,27500,13),(2329,30,'3501ES09062010V10000518',0,1,27500,13),(2330,30,'3501ES09062010V10000519',0,1,27500,13),(2331,30,'3501ES09062010V10000520',0,1,27500,13),(2332,30,'3501ES09062010V10000521',0,1,27500,13),(2333,30,'3501ES09062010V10000522',0,1,27500,13),(2334,30,'3501ES09062010V10000523',0,1,27500,13),(2335,30,'3501ES09062010V10000524',0,1,27500,13),(2336,30,'3501ES09062010V10000525',0,1,27500,13),(2337,30,'3501ES09062010V10000526',0,1,27500,13),(2338,30,'3501ES09062010V10000527',0,1,27500,13),(2339,30,'3501ES09062010V10000528',0,1,27500,13),(2340,30,'3501ES09062010V10000529',0,1,27500,13),(2341,30,'3501ES09062010V10000530',0,1,27500,13),(2342,30,'3501ES09062010V10000531',0,1,27500,13),(2343,30,'3501ES09062010V10000532',0,1,27500,13),(2344,30,'3501ES09062010V10000533',0,1,27500,13),(2345,30,'3501ES09062010V10000534',0,1,27500,13),(2346,30,'3501ES09062010V10000535',0,1,27500,13),(2347,30,'3501ES09062010V10000536',0,1,27500,13),(2348,30,'3501ES09062010V10000537',0,1,27500,13),(2349,30,'3501ES09062010V10000538',0,1,27500,13),(2350,30,'3501ES09062010V10000539',0,1,27500,13),(2351,30,'3501ES09062010V10000540',0,1,27500,13),(2352,30,'3501ES09062010V10000541',0,1,27500,13),(2353,30,'3501ES09062010V10000542',0,1,27500,13),(2354,30,'3501ES09062010V10000543',0,1,27500,13),(2355,30,'3501ES09062010V10000544',0,1,27500,13),(2356,30,'3501ES09062010V10000545',0,1,27500,13),(2357,30,'3501ES09062010V10000546',0,1,27500,13),(2358,30,'3501ES09062010V10000547',0,1,27500,13),(2359,30,'3501ES09062010V10000548',0,1,27500,13),(2360,30,'3501ES09062010V10000549',0,1,27500,13),(2361,30,'3501ES09062010V10000550',0,1,27500,13),(2362,30,'3501ES09062010V10000551',0,1,27500,13),(2363,30,'3501ES09062010V10000552',0,1,27500,13),(2364,30,'3501ES09062010V10000553',0,1,27500,13),(2365,30,'3501ES09062010V10000554',0,1,27500,13),(2366,30,'3501ES09062010V10000555',0,1,27500,13),(2367,30,'3501ES09062010V10000556',0,1,27500,13),(2368,30,'3501ES09062010V10000557',0,1,27500,13),(2369,30,'3501ES09062010V10000558',0,1,27500,13),(2370,30,'3501ES09062010V10000559',0,1,27500,13),(2371,30,'3501ES09062010V10000560',0,1,27500,13),(2372,30,'3501ES09062010V10000561',0,1,27500,13),(2373,30,'3501ES09062010V10000562',0,1,27500,13),(2374,30,'3501ES09062010V10000563',0,1,27500,13),(2375,30,'3501ES09062010V10000564',0,1,27500,13),(2376,30,'3501ES09062010V10000565',0,1,27500,13),(2377,30,'3501ES09062010V10000566',0,1,27500,13),(2378,30,'3501ES09062010V10000567',0,1,27500,13),(2379,30,'3501ES09062010V10000568',0,1,27500,13),(2380,30,'3501ES09062010V10000569',0,1,27500,13),(2381,30,'3501ES09062010V10000570',0,1,27500,13),(2382,30,'3501ES09062010V10000571',0,1,27500,13),(2383,30,'3501ES09062010V10000572',0,1,27500,13),(2384,30,'3501ES09062010V10000573',0,1,27500,13),(2385,30,'3501ES09062010V10000574',0,1,27500,13),(2386,30,'3501ES09062010V10000575',0,1,27500,13),(2387,30,'3501ES09062010V10000576',0,1,27500,13),(2388,30,'3501ES09062010V10000577',0,1,27500,13),(2389,30,'3501ES09062010V10000578',0,1,27500,13),(2390,30,'3501ES09062010V10000579',0,1,27500,13),(2391,30,'3501ES09062010V10000580',0,1,27500,13),(2392,30,'3501ES09062010V10000581',0,1,27500,13),(2393,30,'3501ES09062010V10000582',0,1,27500,13),(2394,30,'3501ES09062010V10000583',0,1,27500,13),(2395,30,'3501ES09062010V10000584',0,1,27500,13),(2396,30,'3501ES09062010V10000585',0,1,27500,13),(2397,30,'3501ES09062010V10000586',0,1,27500,13),(2398,30,'3501ES09062010V10000587',0,1,27500,13),(2399,30,'3501ES09062010V10000588',0,1,27500,13),(2400,30,'3501ES09062010V10000589',0,1,27500,13),(2401,30,'3501ES09062010V10000590',0,1,27500,13),(2402,30,'3501ES09062010V10000591',0,1,27500,13),(2403,30,'3501ES09062010V10000592',0,1,27500,13),(2404,30,'3501ES09062010V10000593',0,1,27500,13),(2405,30,'3501ES09062010V10000594',0,1,27500,13),(2406,30,'3501ES09062010V10000595',0,1,27500,13),(2407,30,'3501ES09062010V10000596',0,1,27500,13),(2408,30,'3501ES09062010V10000597',0,1,27500,13),(2409,30,'3501ES09062010V10000598',0,1,27500,13),(2410,30,'3501ES09062010V10000599',0,1,27500,13),(2411,30,'3501ES09062010V10000600',0,1,27500,13),(2412,30,'3501ES09062010V10000601',0,1,27500,13),(2413,30,'3501ES09062010V10000602',0,1,27500,13),(2414,30,'3501ES09062010V10000603',0,1,27500,13),(2415,30,'3501ES09062010V10000604',0,1,27500,13),(2416,30,'3501ES09062010V10000605',0,1,27500,13),(2417,30,'3501ES09062010V10000606',0,1,27500,13),(2418,30,'3501ES09062010V10000607',0,1,27500,13),(2419,30,'3501ES09062010V10000608',0,1,27500,13),(2420,30,'3501ES09062010V10000609',0,1,27500,13),(2421,30,'3501ES09062010V10000610',0,1,27500,13),(2422,30,'3501ES09062010V10000611',0,1,27500,13),(2423,30,'3501ES09062010V10000612',0,1,27500,13),(2424,30,'3501ES09062010V10000613',0,1,27500,13),(2425,30,'3501ES09062010V10000614',0,1,27500,13),(2426,30,'3501ES09062010V10000615',0,1,27500,13),(2427,30,'3501ES09062010V10000616',0,1,27500,13),(2428,30,'3501ES09062010V10000617',0,1,27500,13),(2429,30,'3501ES09062010V10000618',0,1,27500,13),(2430,30,'3501ES09062010V10000619',0,1,27500,13),(2431,30,'3501ES09062010V10000620',0,1,27500,13),(2432,30,'3501ES09062010V10000621',0,1,27500,13),(2433,30,'3501ES09062010V10000622',0,1,27500,13),(2434,30,'3501ES09062010V10000623',0,1,27500,13),(2435,30,'3501ES09062010V10000624',0,1,27500,13),(2436,30,'3501ES09062010V10000625',0,1,27500,13),(2437,30,'3501ES09062010V10000626',0,1,27500,13),(2438,30,'3501ES09062010V10000627',0,1,27500,13),(2439,30,'3501ES09062010V10000628',0,1,27500,13),(2440,30,'3501ES09062010V10000629',0,1,27500,13),(2441,30,'3501ES09062010V10000630',0,1,27500,13),(2442,30,'3501ES09062010V10000631',0,1,27500,13),(2443,30,'3501ES09062010V10000632',0,1,27500,13),(2444,30,'3501ES09062010V10000633',0,1,27500,13),(2445,30,'3501ES09062010V10000634',0,1,27500,13),(2446,30,'3501ES09062010V10000635',0,1,27500,13),(2447,30,'3501ES09062010V10000636',0,1,27500,13),(2448,30,'3501ES09062010V10000637',0,1,27500,13),(2449,30,'3501ES09062010V10000638',0,1,27500,13),(2450,30,'3501ES09062010V10000639',0,1,27500,13),(2451,30,'3501ES09062010V10000640',0,1,27500,13),(2452,30,'3501ES09062010V10000641',0,1,27500,13),(2453,30,'3501ES09062010V10000642',0,1,27500,13),(2454,30,'3501ES09062010V10000643',0,1,27500,13),(2455,30,'3501ES09062010V10000644',0,1,27500,13),(2456,30,'3501ES09062010V10000645',0,1,27500,13),(2457,30,'3501ES09062010V10000646',0,1,27500,13),(2458,30,'3501ES09062010V10000647',0,1,27500,13),(2459,30,'3501ES09062010V10000648',0,1,27500,13),(2460,30,'3501ES09062010V10000649',0,1,27500,13),(2461,30,'3501ES09062010V10000650',0,1,27500,13),(2462,30,'3501ES09062010V10000651',0,1,27500,13),(2463,30,'3501ES09062010V10000652',0,1,27500,13),(2464,30,'3501ES09062010V10000653',0,1,27500,13),(2465,30,'3501ES09062010V10000654',0,1,27500,13),(2466,30,'3501ES09062010V10000655',0,1,27500,13),(2467,30,'3501ES09062010V10000656',0,1,27500,13),(2468,30,'3501ES09062010V10000657',0,1,27500,13),(2469,30,'3501ES09062010V10000658',0,1,27500,13),(2470,30,'3501ES09062010V10000659',0,1,27500,13),(2471,30,'3501ES09062010V10000660',0,1,27500,13),(2472,30,'3501ES09062010V10000661',0,1,27500,13),(2473,30,'3501ES09062010V10000662',0,1,27500,13),(2474,30,'3501ES09062010V10000663',0,1,27500,13),(2475,30,'3501ES09062010V10000664',0,1,27500,13),(2476,30,'3501ES09062010V10000665',0,1,27500,13),(2477,30,'3501ES09062010V10000666',0,1,27500,13),(2478,30,'3501ES09062010V10000667',0,1,27500,13),(2479,30,'3501ES09062010V10000668',0,1,27500,13),(2480,30,'3501ES09062010V10000669',0,1,27500,13),(2481,30,'3501ES09062010V10000670',0,1,27500,13),(2482,30,'3501ES09062010V10000671',0,1,27500,13),(2483,30,'3501ES09062010V10000672',0,1,27500,13),(2484,30,'3501ES09062010V10000673',0,1,27500,13),(2485,30,'3501ES09062010V10000674',0,1,27500,13),(2486,30,'3501ES09062010V10000675',0,1,27500,13),(2487,30,'3501ES09062010V10000676',0,1,27500,13),(2488,30,'3501ES09062010V10000677',0,1,27500,13),(2489,30,'3501ES09062010V10000678',0,1,27500,13),(2490,30,'3501ES09062010V10000679',0,1,27500,13),(2491,30,'3501ES09062010V10000680',0,1,27500,13),(2492,30,'3501ES09062010V10000681',0,1,27500,13),(2493,30,'3501ES09062010V10000682',0,1,27500,13),(2494,30,'3501ES09062010V10000683',0,1,27500,13),(2495,30,'3501ES09062010V10000684',0,1,27500,13),(2496,30,'3501ES09062010V10000685',0,1,27500,13),(2497,30,'3501ES09062010V10000686',0,1,27500,13),(2498,30,'3501ES09062010V10000687',0,1,27500,13),(2499,30,'3501ES09062010V10000688',0,1,27500,13),(2500,30,'3501ES09062010V10000689',0,1,27500,13),(2501,30,'3501ES09062010V10000690',0,1,27500,13),(2502,30,'3501ES09062010V10000691',0,1,27500,13),(2503,30,'3501ES09062010V10000692',0,1,27500,13),(2504,30,'3501ES09062010V10000693',0,1,27500,13),(2505,30,'3501ES09062010V10000694',0,1,27500,13),(2506,30,'3501ES09062010V10000695',0,1,27500,13),(2507,30,'3501ES09062010V10000696',0,1,27500,13),(2508,30,'3501ES09062010V10000697',0,1,27500,13),(2509,30,'3501ES09062010V10000698',0,1,27500,13),(2510,30,'3501ES09062010V10000699',0,1,27500,13),(2511,30,'3501ES09062010V10000700',0,1,27500,13),(2512,30,'3501ES09062010V10000701',0,1,27500,13),(2513,30,'3501ES09062010V10000702',0,1,27500,13),(2514,30,'3501ES09062010V10000703',0,1,27500,13),(2515,30,'3501ES09062010V10000704',0,1,27500,13),(2516,30,'3501ES09062010V10000705',0,1,27500,13),(2517,30,'3501ES09062010V10000706',0,1,27500,13),(2518,30,'3501ES09062010V10000707',0,1,27500,13),(2519,30,'3501ES09062010V10000708',0,1,27500,13),(2520,30,'3501ES09062010V10000709',0,1,27500,13),(2521,30,'3501ES09062010V10000710',0,1,27500,13),(2522,30,'3501ES09062010V10000711',0,1,27500,13),(2523,30,'3501ES09062010V10000712',0,1,27500,13),(2524,30,'3501ES09062010V10000713',0,1,27500,13),(2525,30,'3501ES09062010V10000714',0,1,27500,13),(2526,30,'3501ES09062010V10000715',0,1,27500,13),(2527,30,'3501ES09062010V10000716',0,1,27500,13),(2528,30,'3501ES09062010V10000717',0,1,27500,13),(2529,30,'3501ES09062010V10000718',0,1,27500,13),(2530,30,'3501ES09062010V10000719',0,1,27500,13),(2531,30,'3501ES09062010V10000720',0,1,27500,13),(2532,30,'3501ES09062010V10000721',0,1,27500,13),(2533,30,'3501ES09062010V10000722',0,1,27500,13),(2534,30,'3501ES09062010V10000723',0,1,27500,13),(2535,30,'3501ES09062010V10000724',0,1,27500,13),(2536,30,'3501ES09062010V10000725',0,1,27500,13),(2537,30,'3501ES09062010V10000726',0,1,27500,13),(2538,30,'3501ES09062010V10000727',0,1,27500,13),(2539,30,'3501ES09062010V10000728',0,1,27500,13),(2540,30,'3501ES09062010V10000729',0,1,27500,13),(2541,30,'3501ES09062010V10000730',0,1,27500,13),(2542,30,'3501ES09062010V10000731',0,1,27500,13),(2543,30,'3501ES09062010V10000732',0,1,27500,13),(2544,30,'3501ES09062010V10000733',0,1,27500,13),(2545,30,'3501ES09062010V10000734',0,1,27500,13),(2546,30,'3501ES09062010V10000735',0,1,27500,13),(2547,30,'3501ES09062010V10000736',0,1,27500,13),(2548,30,'3501ES09062010V10000737',0,1,27500,13),(2549,30,'3501ES09062010V10000738',0,1,27500,13),(2550,30,'3501ES09062010V10000739',0,1,27500,13),(2551,30,'3501ES09062010V10000740',0,1,27500,13),(2552,30,'3501ES09062010V10000741',0,1,27500,13),(2553,30,'3501ES09062010V10000742',0,1,27500,13),(2554,30,'3501ES09062010V10000743',0,1,27500,13),(2555,30,'3501ES09062010V10000744',0,1,27500,13),(2556,30,'3501ES09062010V10000745',0,1,27500,13),(2557,30,'3501ES09062010V10000746',0,1,27500,13),(2558,30,'3501ES09062010V10000747',0,1,27500,13),(2559,30,'3501ES09062010V10000748',0,1,27500,13),(2560,30,'3501ES09062010V10000749',0,1,27500,13),(2561,30,'3501ES09062010V10000750',0,1,27500,13),(2562,30,'3501ES09062010V10000751',0,1,27500,13),(2563,30,'3501ES09062010V10000752',0,1,27500,13),(2564,30,'3501ES09062010V10000753',0,1,27500,13),(2565,30,'3501ES09062010V10000754',0,1,27500,13),(2566,30,'3501ES09062010V10000755',0,1,27500,13),(2567,30,'3501ES09062010V10000756',0,1,27500,13),(2568,30,'3501ES09062010V10000757',0,1,27500,13),(2569,30,'3501ES09062010V10000758',0,1,27500,13),(2570,30,'3501ES09062010V10000759',0,1,27500,13),(2571,30,'3501ES09062010V10000760',0,1,27500,13),(2572,30,'3501ES09062010V10000761',0,1,27500,13),(2573,30,'3501ES09062010V10000762',0,1,27500,13),(2574,30,'3501ES09062010V10000763',0,1,27500,13),(2575,30,'3501ES09062010V10000764',0,1,27500,13),(2576,30,'3501ES09062010V10000765',0,1,27500,13),(2577,30,'3501ES09062010V10000766',0,1,27500,13),(2578,30,'3501ES09062010V10000767',0,1,27500,13),(2579,30,'3501ES09062010V10000768',0,1,27500,13),(2580,30,'3501ES09062010V10000769',0,1,27500,13),(2581,30,'3501ES09062010V10000770',0,1,27500,13),(2582,30,'3501ES09062010V10000771',0,1,27500,13),(2583,30,'3501ES09062010V10000772',0,1,27500,13),(2584,30,'3501ES09062010V10000773',0,1,27500,13),(2585,30,'3501ES09062010V10000774',0,1,27500,13),(2586,30,'3501ES09062010V10000775',0,1,27500,13),(2587,30,'3501ES09062010V10000776',0,1,27500,13),(2588,30,'3501ES09062010V10000777',0,1,27500,13),(2589,30,'3501ES09062010V10000778',0,1,27500,13),(2590,30,'3501ES09062010V10000779',0,1,27500,13),(2591,30,'3501ES09062010V10000780',0,1,27500,13),(2592,30,'3501ES09062010V10000781',0,1,27500,13),(2593,30,'3501ES09062010V10000782',0,1,27500,13),(2594,30,'3501ES09062010V10000783',0,1,27500,13),(2595,30,'3501ES09062010V10000784',0,1,27500,13),(2596,30,'3501ES09062010V10000785',0,1,27500,13),(2597,30,'3501ES09062010V10000786',0,1,27500,13),(2598,30,'3501ES09062010V10000787',0,1,27500,13),(2599,30,'3501ES09062010V10000788',0,1,27500,13),(2600,30,'3501ES09062010V10000789',0,1,27500,13),(2601,30,'3501ES09062010V10000790',0,1,27500,13),(2602,30,'3501ES09062010V10000791',0,1,27500,13),(2603,30,'3501ES09062010V10000792',0,1,27500,13),(2604,30,'3501ES09062010V10000793',0,1,27500,13),(2605,30,'3501ES09062010V10000794',0,1,27500,13),(2606,30,'3501ES09062010V10000795',0,1,27500,13),(2607,30,'3501ES09062010V10000796',0,1,27500,13),(2608,30,'3501ES09062010V10000797',0,1,27500,13),(2609,30,'3501ES09062010V10000798',0,1,27500,13),(2610,30,'3501ES09062010V10000799',0,1,27500,13),(2611,30,'3501ES09062010V10000800',0,1,27500,13),(2612,30,'3501ES09062010V10000801',0,1,27500,13),(2613,30,'3501ES09062010V10000802',0,1,27500,13),(2614,30,'3501ES09062010V10000803',0,1,27500,13),(2615,30,'3501ES09062010V10000804',0,1,27500,13),(2616,30,'3501ES09062010V10000805',0,1,27500,13),(2617,30,'3501ES09062010V10000806',0,1,27500,13),(2618,30,'3501ES09062010V10000807',0,1,27500,13),(2619,30,'3501ES09062010V10000808',0,1,27500,13),(2620,30,'3501ES09062010V10000809',0,1,27500,13),(2621,30,'3501ES09062010V10000810',0,1,27500,13),(2622,30,'3501ES09062010V10000811',0,1,27500,13),(2623,30,'3501ES09062010V10000812',0,1,27500,13),(2624,30,'3501ES09062010V10000813',0,1,27500,13),(2625,30,'3501ES09062010V10000814',0,1,27500,13),(2626,30,'3501ES09062010V10000815',0,1,27500,13),(2627,30,'3501ES09062010V10000816',0,1,27500,13),(2628,30,'3501ES09062010V10000817',0,1,27500,13),(2629,30,'3501ES09062010V10000818',0,1,27500,13),(2630,30,'3501ES09062010V10000819',0,1,27500,13),(2631,30,'3501ES09062010V10000820',0,1,27500,13),(2632,30,'3501ES09062010V10000821',0,1,27500,13),(2633,30,'3501ES09062010V10000822',0,1,27500,13),(2634,30,'3501ES09062010V10000823',0,1,27500,13),(2635,30,'3501ES09062010V10000824',0,1,27500,13),(2636,30,'3501ES09062010V10000825',0,1,27500,13),(2637,30,'3501ES09062010V10000826',0,1,27500,13),(2638,30,'3501ES09062010V10000827',0,1,27500,13),(2639,30,'3501ES09062010V10000828',0,1,27500,13),(2640,30,'3501ES09062010V10000829',0,1,27500,13),(2641,30,'3501ES09062010V10000830',0,1,27500,13),(2642,30,'3501ES09062010V10000831',0,1,27500,13),(2643,30,'3501ES09062010V10000832',0,1,27500,13),(2644,30,'3501ES09062010V10000833',0,1,27500,13),(2645,30,'3501ES09062010V10000834',0,1,27500,13),(2646,30,'3501ES09062010V10000835',0,1,27500,13),(2647,30,'3501ES09062010V10000836',0,1,27500,13),(2648,30,'3501ES09062010V10000837',0,1,27500,13),(2649,30,'3501ES09062010V10000838',0,1,27500,13),(2650,30,'3501ES09062010V10000839',0,1,27500,13),(2651,30,'3501ES09062010V10000840',0,1,27500,13),(2652,30,'3501ES09062010V10000841',0,1,27500,13),(2653,30,'3501ES09062010V10000842',0,1,27500,13),(2654,30,'3501ES09062010V10000843',0,1,27500,13),(2655,30,'3501ES09062010V10000844',0,1,27500,13),(2656,30,'3501ES09062010V10000845',0,1,27500,13),(2657,30,'3501ES09062010V10000846',0,1,27500,13),(2658,30,'3501ES09062010V10000847',0,1,27500,13),(2659,30,'3501ES09062010V10000848',0,1,27500,13),(2660,30,'3501ES09062010V10000849',0,1,27500,13),(2661,30,'3501ES09062010V10000850',0,1,27500,13),(2662,30,'3501ES09062010V10000851',0,1,27500,13),(2663,30,'3501ES09062010V10000852',0,1,27500,13),(2664,30,'3501ES09062010V10000853',0,1,27500,13),(2665,30,'3501ES09062010V10000854',0,1,27500,13),(2666,30,'3501ES09062010V10000855',0,1,27500,13),(2667,30,'3501ES09062010V10000856',0,1,27500,13),(2668,30,'3501ES09062010V10000857',0,1,27500,13),(2669,30,'3501ES09062010V10000858',0,1,27500,13),(2670,30,'3501ES09062010V10000859',0,1,27500,13),(2671,30,'3501ES09062010V10000860',0,1,27500,13),(2672,30,'3501ES09062010V10000861',0,1,27500,13),(2673,30,'3501ES09062010V10000862',0,1,27500,13),(2674,30,'3501ES09062010V10000863',0,1,27500,13),(2675,30,'3501ES09062010V10000864',0,1,27500,13),(2676,30,'3501ES09062010V10000865',0,1,27500,13),(2677,30,'3501ES09062010V10000866',0,1,27500,13),(2678,30,'3501ES09062010V10000867',0,1,27500,13),(2679,30,'3501ES09062010V10000868',0,1,27500,13),(2680,30,'3501ES09062010V10000869',0,1,27500,13),(2681,30,'3501ES09062010V10000870',0,1,27500,13),(2682,30,'3501ES09062010V10000871',0,1,27500,13),(2683,30,'3501ES09062010V10000872',0,1,27500,13),(2684,30,'3501ES09062010V10000873',0,1,27500,13),(2685,30,'3501ES09062010V10000874',0,1,27500,13),(2686,30,'3501ES09062010V10000875',0,1,27500,13),(2687,30,'3501ES09062010V10000876',0,1,27500,13),(2688,30,'3501ES09062010V10000877',0,1,27500,13),(2689,30,'3501ES09062010V10000878',0,1,27500,13),(2690,30,'3501ES09062010V10000879',0,1,27500,13),(2691,30,'3501ES09062010V10000880',0,1,27500,13),(2692,30,'3501ES09062010V10000881',0,1,27500,13),(2693,30,'3501ES09062010V10000882',0,1,27500,13),(2694,30,'3501ES09062010V10000883',0,1,27500,13),(2695,30,'3501ES09062010V10000884',0,1,27500,13),(2696,30,'3501ES09062010V10000885',0,1,27500,13),(2697,30,'3501ES09062010V10000886',0,1,27500,13),(2698,30,'3501ES09062010V10000887',0,1,27500,13),(2699,30,'3501ES09062010V10000888',0,1,27500,13),(2700,30,'3501ES09062010V10000889',0,1,27500,13),(2701,30,'3501ES09062010V10000890',0,1,27500,13),(2702,30,'3501ES09062010V10000891',0,1,27500,13),(2703,30,'3501ES09062010V10000892',0,1,27500,13),(2704,30,'3501ES09062010V10000893',0,1,27500,13),(2705,30,'3501ES09062010V10000894',0,1,27500,13),(2706,30,'3501ES09062010V10000895',0,1,27500,13),(2707,30,'3501ES09062010V10000896',0,1,27500,13),(2708,30,'3501ES09062010V10000897',0,1,27500,13),(2709,30,'3501ES09062010V10000898',0,1,27500,13),(2710,30,'3501ES09062010V10000899',0,1,27500,13),(2711,30,'3501ES09062010V10000900',0,1,27500,13),(2712,30,'3501ES09062010V10000901',0,1,27500,13),(2713,30,'3501ES09062010V10000902',0,1,27500,13),(2714,30,'3501ES09062010V10000903',0,1,27500,13),(2715,30,'3501ES09062010V10000904',0,1,27500,13),(2716,30,'3501ES09062010V10000905',0,1,27500,13),(2717,30,'3501ES09062010V10000906',0,1,27500,13),(2718,30,'3501ES09062010V10000907',0,1,27500,13),(2719,30,'3501ES09062010V10000908',0,1,27500,13),(2720,30,'3501ES09062010V10000909',0,1,27500,13),(2721,30,'3501ES09062010V10000910',0,1,27500,13),(2722,30,'3501ES09062010V10000911',0,1,27500,13),(2723,30,'3501ES09062010V10000912',0,1,27500,13),(2724,30,'3501ES09062010V10000913',0,1,27500,13),(2725,30,'3501ES09062010V10000914',0,1,27500,13),(2726,30,'3501ES09062010V10000915',0,1,27500,13),(2727,30,'3501ES09062010V10000916',0,1,27500,13),(2728,30,'3501ES09062010V10000917',0,1,27500,13),(2729,30,'3501ES09062010V10000918',0,1,27500,13),(2730,30,'3501ES09062010V10000919',0,1,27500,13),(2731,30,'3501ES09062010V10000920',0,1,27500,13),(2732,30,'3501ES09062010V10000921',0,1,27500,13),(2733,30,'3501ES09062010V10000922',0,1,27500,13),(2734,30,'3501ES09062010V10000923',0,1,27500,13),(2735,30,'3501ES09062010V10000924',0,1,27500,13),(2736,30,'3501ES09062010V10000925',0,1,27500,13),(2737,30,'3501ES09062010V10000926',0,1,27500,13),(2738,30,'3501ES09062010V10000927',0,1,27500,13),(2739,30,'3501ES09062010V10000928',0,1,27500,13),(2740,30,'3501ES09062010V10000929',0,1,27500,13),(2741,30,'3501ES09062010V10000930',0,1,27500,13),(2742,30,'3501ES09062010V10000931',0,1,27500,13),(2743,30,'3501ES09062010V10000932',0,1,27500,13),(2744,30,'3501ES09062010V10000933',0,1,27500,13),(2745,30,'3501ES09062010V10000934',0,1,27500,13),(2746,30,'3501ES09062010V10000935',0,1,27500,13),(2747,30,'3501ES09062010V10000936',0,1,27500,13),(2748,30,'3501ES09062010V10000937',0,1,27500,13),(2749,30,'3501ES09062010V10000938',0,1,27500,13),(2750,30,'3501ES09062010V10000939',0,1,27500,13),(2751,30,'3501ES09062010V10000940',0,1,27500,13),(2752,30,'3501ES09062010V10000941',0,1,27500,13),(2753,30,'3501ES09062010V10000942',0,1,27500,13),(2754,30,'3501ES09062010V10000943',0,1,27500,13),(2755,30,'3501ES09062010V10000944',0,1,27500,13),(2756,30,'3501ES09062010V10000945',0,1,27500,13),(2757,30,'3501ES09062010V10000946',0,1,27500,13),(2758,30,'3501ES09062010V10000947',0,1,27500,13),(2759,30,'3501ES09062010V10000948',0,1,27500,13),(2760,30,'3501ES09062010V10000949',0,1,27500,13),(2761,30,'3501ES09062010V10000950',0,1,27500,13),(2762,30,'3501ES09062010V10000951',0,1,27500,13),(2763,30,'3501ES09062010V10000952',0,1,27500,13),(2764,30,'3501ES09062010V10000953',0,1,27500,13),(2765,30,'3501ES09062010V10000954',0,1,27500,13),(2766,30,'3501ES09062010V10000955',0,1,27500,13),(2767,30,'3501ES09062010V10000956',0,1,27500,13),(2768,30,'3501ES09062010V10000957',0,1,27500,13),(2769,30,'3501ES09062010V10000958',0,1,27500,13),(2770,30,'3501ES09062010V10000959',0,1,27500,13),(2771,30,'3501ES09062010V10000960',0,1,27500,13),(2772,30,'3501ES09062010V10000961',0,1,27500,13),(2773,30,'3501ES09062010V10000962',0,1,27500,13),(2774,30,'3501ES09062010V10000963',0,1,27500,13),(2775,30,'3501ES09062010V10000964',0,1,27500,13),(2776,30,'3501ES09062010V10000965',0,1,27500,13),(2777,30,'3501ES09062010V10000966',0,1,27500,13),(2778,30,'3501ES09062010V10000967',0,1,27500,13),(2779,30,'3501ES09062010V10000968',0,1,27500,13),(2780,30,'3501ES09062010V10000969',0,1,27500,13),(2781,30,'3501ES09062010V10000970',0,1,27500,13),(2782,30,'3501ES09062010V10000971',0,1,27500,13),(2783,30,'3501ES09062010V10000972',0,1,27500,13),(2784,30,'3501ES09062010V10000973',0,1,27500,13),(2785,30,'3501ES09062010V10000974',0,1,27500,13),(2786,30,'3501ES09062010V10000975',0,1,27500,13),(2787,30,'3501ES09062010V10000976',0,1,27500,13),(2788,30,'3501ES09062010V10000977',0,1,27500,13),(2789,30,'3501ES09062010V10000978',0,1,27500,13),(2790,30,'3501ES09062010V10000979',0,1,27500,13),(2791,30,'3501ES09062010V10000980',0,1,27500,13),(2792,30,'3501ES09062010V10000981',0,1,27500,13),(2793,30,'3501ES09062010V10000982',0,1,27500,13),(2794,30,'3501ES09062010V10000983',0,1,27500,13),(2795,30,'3501ES09062010V10000984',0,1,27500,13),(2796,30,'3501ES09062010V10000985',0,1,27500,13),(2797,30,'3501ES09062010V10000986',0,1,27500,13),(2798,30,'3501ES09062010V10000987',0,1,27500,13),(2799,30,'3501ES09062010V10000988',0,1,27500,13),(2800,30,'3501ES09062010V10000989',0,1,27500,13),(2801,30,'3501ES09062010V10000990',0,1,27500,13),(2802,30,'3501ES09062010V10000991',0,1,27500,13),(2803,30,'3501ES09062010V10000992',0,1,27500,13),(2804,30,'3501ES09062010V10000993',0,1,27500,13),(2805,30,'3501ES09062010V10000994',0,1,27500,13),(2806,30,'3501ES09062010V10000995',0,1,27500,13),(2807,30,'3501ES09062010V10000996',0,1,27500,13),(2808,30,'3501ES09062010V10000997',0,1,27500,13),(2809,30,'3501ES09062010V10000998',0,1,27500,13),(2810,30,'3501ES09062010V10000999',0,1,27500,13),(2811,30,'3501ES09062010V10001000',0,1,27500,13),(2823,3,'nosn7898568',0,1,0,6),(2824,16,'',0,1,0,95),(2825,17,'',0,1,0,95),(2826,18,'',0,1,0,95),(2827,18,'',0,1,0,96),(2828,18,'',0,1,0,97),(2829,17,'',0,1,0,96),(2830,17,'',0,1,0,97),(2831,16,'',0,1,0,96),(2832,16,'',0,1,0,97);
/*!40000 ALTER TABLE `tbObject` ENABLE KEYS */;
UNLOCK TABLES;

--
-- Table structure for table `tbOrg`
--

DROP TABLE IF EXISTS `tbOrg`;
CREATE TABLE `tbOrg` (
  `id` int(11) NOT NULL auto_increment,
  `fdName` varchar(64) NOT NULL default '',
  `fdLogin` varchar(32) default NULL,
  `fdPassword` varchar(77) default NULL,
  `fdContact` varchar(128) default NULL COMMENT '联系方法(电话、地址、邮编、联系人)',
  `fdDisabled` tinyint(4) NOT NULL default '0',
  PRIMARY KEY  (`id`)
) ENGINE=MyISAM AUTO_INCREMENT=98 DEFAULT CHARSET=utf8 COMMENT='后台用户表\r\n有一条记录名为';

--
-- Dumping data for table `tbOrg`
--

LOCK TABLES `tbOrg` WRITE;
/*!40000 ALTER TABLE `tbOrg` DISABLE KEYS */;
INSERT INTO `tbOrg` VALUES (1,'梁剑坤','jeikul','e1y.tuEXKZRRE','test 中文',0),(2,'沈燕珠','shenyzh','e1y.tuEXKZRRE','13580500301',0),(3,'林恩泽','linez','e1y.tuEXKZRRE','',0),(4,'陈铨','chenquan','e1y.tuEXKZRRE','',0),(5,'柯华坤','kehk','e1y.tuEXKZRRE','',0),(6,'张黎','zhangli','e1y.tuEXKZRRE','',0),(7,'唐其平','tangqp','e1y.tuEXKZRRE','',0),(8,'世纪龙','21cn','e1y.tuEXKZRRE','',0),(9,'杨六顺','yanglsh','e1y.tuEXKZRRE','',0),(10,'陈国勇','chengy','e1y.tuEXKZRRE','ferer',0),(11,'刘焕增','liuhz','e1y.tuEXKZRRE','',0),(12,'广众通','gzt','e1y.tuEXKZRRE','23232',0),(13,'407','407','e1y.tuEXKZRRE','',0),(14,'204','204','e1y.tuEXKZRRE','',0),(15,'忆典','ider','e1y.tuEXKZRRE','2234234',0),(46,'彭建林','pjl','e1y.tuEXKZRRE','',1),(17,'彭碧瑜','chanel','e1y.tuEXKZRRE','',0),(58,'广州美仑电脑','','d4FmvNaydAFm6','',0),(57,'三洋数码','','d4FmvNaydAFm6','',0),(56,'万利达','','d4FmvNaydAFm6','',0),(55,'德昌电器','','d4FmvNaydAFm6','',0),(54,'电脑城思普','','d4FmvNaydAFm6','',0),(53,'中国移动','','d4FmvNaydAFm6','',0),(52,'科凌','','d4FmvNaydAFm6','',0),(51,'电脑城微歌','','d4FmvNaydAFm6','',0),(50,'海印金杰','','d4FmvNaydAFm6','',0),(49,'福建','fujian','e1y.tuEXKZRRE','',0),(48,'钟杰华','zhongjiehua','e1y.tuEXKZRRE','',0),(47,'陈润','chenrun','e1y.tuEXKZRRE','',0),(45,'颐高数码星和电子科技熊俊','yigao','e1y.tuEXKZRRE','',1),(59,'南方电视台','','d4FmvNaydAFm6','',0),(60,'南方科技（晨旭科技发展有限公司）','','d4FmvNaydAFm6','',0),(61,'雅堡音响器材','','d4FmvNaydAFm6','',0),(62,'双钰视频','','d4FmvNaydAFm6','',0),(63,'廖卫君','','d4FmvNaydAFm6','',0),(64,'一江网络','','d4FmvNaydAFm6','',0),(65,'韦荣电器','','d4FmvNaydAFm6','',0),(66,'文健电器','','d4FmvNaydAFm6','',0),(67,'番禺沙湾电信','','d4FmvNaydAFm6','',0),(94,'晨旭科技门市（太平洋二期）','','d4FmvNaydAFm6','',0),(69,'润鼎科技','','d4FmvNaydAFm6','',0),(70,'联通江礼潮','','d4FmvNaydAFm6','',0),(71,'AFO友联','','d4FmvNaydAFm6','',0),(73,'蓝天科技','','d4FmvNaydAFm6','',0),(74,'联通润峰电子摆货','','d4FmvNaydAFm6','',0),(75,'杨六顺','','d4FmvNaydAFm6','',0),(76,'新思路电脑','','d4FmvNaydAFm6','',0),(77,'威晟科技','','d4FmvNaydAFm6','',0),(78,'F2影音电器','','d4FmvNaydAFm6','',0),(79,'万讯科技','','d4FmvNaydAFm6','',0),(80,'浙江孙标','','d4FmvNaydAFm6','',0),(81,'张颖','','d4FmvNaydAFm6','',0),(82,'陈国勇','','d4FmvNaydAFm6','',0),(83,'天河电脑城凌可科技周峰','','d4FmvNaydAFm6','',0),(84,'21CN李智','','d4FmvNaydAFm6','',0),(85,'南方电视台李文伟','','d4FmvNaydAFm6','',0),(86,'21cn','','d4FmvNaydAFm6','',0),(88,'东莞吴生','','d4FmvNaydAFm6','',0),(89,'钟晓文','zhongxw','e1y.tuEXKZRRE','',0),(90,'王春家','wangcj','e1y.tuEXKZRRE','',0),(92,'伍慧晶','wuhj','e1y.tuEXKZRRE','',0),(93,'常盈数码','cysm','e1y.tuEXKZRRE','',0),(95,'晨旭科技425档','','d4FmvNaydAFm6','',0),(96,'晨旭科技573档','','d4FmvNaydAFm6','',0),(97,'晨旭公司','','d4FmvNaydAFm6','',0);
/*!40000 ALTER TABLE `tbOrg` ENABLE KEYS */;
UNLOCK TABLES;

--
-- Table structure for table `tbPrivilege`
--

DROP TABLE IF EXISTS `tbPrivilege`;
CREATE TABLE `tbPrivilege` (
  `id` int(11) NOT NULL auto_increment,
  `fdName` varchar(32) NOT NULL default '',
  PRIMARY KEY  (`id`)
) ENGINE=MyISAM AUTO_INCREMENT=13 DEFAULT CHARSET=utf8 COMMENT='权限表';

--
-- Dumping data for table `tbPrivilege`
--

LOCK TABLES `tbPrivilege` WRITE;
/*!40000 ALTER TABLE `tbPrivilege` DISABLE KEYS */;
INSERT INTO `tbPrivilege` VALUES (1,'审核采购单'),(2,'审核调拨单'),(3,'审核销售单'),(4,'审核退货单'),(5,'录入采购单'),(6,'录入调拨单'),(7,'录入销售单'),(8,'录入退货单'),(9,'库存查询'),(10,'单据查询'),(11,'确认销售单'),(12,'查看库存原始单价');
/*!40000 ALTER TABLE `tbPrivilege` ENABLE KEYS */;
UNLOCK TABLES;

--
-- Table structure for table `tbRelease`
--

DROP TABLE IF EXISTS `tbRelease`;
CREATE TABLE `tbRelease` (
  `id` int(11) NOT NULL auto_increment,
  `fdTypeID` int(11) NOT NULL default '0' COMMENT '某版本面向某终端用户类型发布',
  `fdClassID` int(11) NOT NULL default '0' COMMENT '某版本面向某终端硬件类型发布',
  `fdVersionID` int(11) NOT NULL default '0',
  `fdMode` int(11) NOT NULL default '0' COMMENT '0-手动\r\n            1-半自动\r\n            2-全自动',
  PRIMARY KEY  (`id`),
  KEY `FK_Class_Release` (`fdClassID`),
  KEY `FK_Type_Release` (`fdTypeID`),
  KEY `FK_Version_Release` (`fdVersionID`)
) ENGINE=MyISAM DEFAULT CHARSET=utf8 COMMENT='版本发布表';

--
-- Dumping data for table `tbRelease`
--

LOCK TABLES `tbRelease` WRITE;
/*!40000 ALTER TABLE `tbRelease` DISABLE KEYS */;
/*!40000 ALTER TABLE `tbRelease` ENABLE KEYS */;
UNLOCK TABLES;

--
-- Table structure for table `tbReport`
--

DROP TABLE IF EXISTS `tbReport`;
CREATE TABLE `tbReport` (
  `id` int(11) NOT NULL auto_increment,
  `fdName` varchar(64) NOT NULL default '',
  `fdURL` varchar(192) NOT NULL default '',
  PRIMARY KEY  (`id`)
) ENGINE=MyISAM DEFAULT CHARSET=utf8 COMMENT='报表网址记录';

--
-- Dumping data for table `tbReport`
--

LOCK TABLES `tbReport` WRITE;
/*!40000 ALTER TABLE `tbReport` DISABLE KEYS */;
/*!40000 ALTER TABLE `tbReport` ENABLE KEYS */;
UNLOCK TABLES;

--
-- Table structure for table `tbRole`
--

DROP TABLE IF EXISTS `tbRole`;
CREATE TABLE `tbRole` (
  `id` int(11) NOT NULL auto_increment,
  `fdName` varchar(32) NOT NULL default '',
  PRIMARY KEY  (`id`)
) ENGINE=MyISAM AUTO_INCREMENT=14 DEFAULT CHARSET=utf8 COMMENT='角色表，对应不同的权限\r\n1-供应商';

--
-- Dumping data for table `tbRole`
--

LOCK TABLES `tbRole` WRITE;
/*!40000 ALTER TABLE `tbRole` DISABLE KEYS */;
INSERT INTO `tbRole` VALUES (1,'供应商'),(2,'仓库'),(3,'内部员工'),(4,'外部员工'),(5,'经销商'),(6,'客户'),(7,'管理员'),(8,'销售经理'),(9,'采购经理'),(10,'仓管员'),(11,'销售员'),(12,'客服'),(13,'财务');
/*!40000 ALTER TABLE `tbRole` ENABLE KEYS */;
UNLOCK TABLES;

--
-- Table structure for table `tbSort`
--

DROP TABLE IF EXISTS `tbSort`;
CREATE TABLE `tbSort` (
  `id` int(11) NOT NULL auto_increment,
  `fdName` varchar(32) NOT NULL default '',
  `fdHasSN` tinyint(4) default NULL,
  PRIMARY KEY  (`id`)
) ENGINE=MyISAM AUTO_INCREMENT=9 DEFAULT CHARSET=utf8 COMMENT='货物大致类别';

--
-- Dumping data for table `tbSort`
--

LOCK TABLES `tbSort` WRITE;
/*!40000 ALTER TABLE `tbSort` DISABLE KEYS */;
INSERT INTO `tbSort` VALUES (1,'播放机',1),(2,'硬盘',1),(3,'线材',0),(4,'测试设备',1),(5,'宣传物料',0),(6,'网络配件',1),(7,'普通配件',0),(8,'硬盘网络播放机',1);
/*!40000 ALTER TABLE `tbSort` ENABLE KEYS */;
UNLOCK TABLES;

--
-- Table structure for table `tbTerminal`
--

DROP TABLE IF EXISTS `tbTerminal`;
CREATE TABLE `tbTerminal` (
  `fdObjectID` int(11) NOT NULL default '0',
  `fdTypeID` int(11) NOT NULL default '0' COMMENT '1-正式用户\r\n            2-友好用户\r\n            3-测试用户',
  `fdMAC` varchar(32) NOT NULL default '',
  `fdPassword` varchar(64) default NULL COMMENT 'crypt()加密',
  `fdPoints` int(11) NOT NULL default '0' COMMENT '>0: 用户已预存点数\r\n            <0: 用户已消费点数',
  `fdVersion` varchar(64) default NULL COMMENT '用户当前版本\r\n            Kernel|RootFS|Application',
  `fdStorageSize` int(11) default NULL COMMENT '存储设备总空间大小，以M为单位',
  `fdStorageFree` int(11) default NULL COMMENT '存储设备剩余可用空间大小，以M为单位',
  `fdConfig` blob COMMENT '用户的配置文件',
  `fdActivate` datetime default NULL COMMENT '激活时间',
  `fdActive` datetime default NULL COMMENT '活跃时间，即上一次该终端与服务平台交互时间',
  `fdPhone` varchar(16) default NULL COMMENT '电话号码 ',
  `fdEmail` varchar(64) default NULL COMMENT '电子邮件地址',
  `fdName` varchar(64) default NULL COMMENT '呢称',
  `fdAddress` varchar(128) default NULL COMMENT '通信地址',
  `fdPortrait` varchar(192) default NULL COMMENT '头像URL',
  `fdPrivate` int(11) NOT NULL default '0' COMMENT '内容是否私有\r\n            0-缺省，共享\r\n            1-私有',
  `fdCreate` datetime NOT NULL default '0000-00-00 00:00:00',
  PRIMARY KEY  (`fdObjectID`),
  KEY `FK_Type_Terminal` (`fdTypeID`)
) ENGINE=MyISAM DEFAULT CHARSET=utf8 COMMENT='终端用户表\r\n开通终端的操作创建';

--
-- Dumping data for table `tbTerminal`
--

LOCK TABLES `tbTerminal` WRITE;
/*!40000 ALTER TABLE `tbTerminal` DISABLE KEYS */;
/*!40000 ALTER TABLE `tbTerminal` ENABLE KEYS */;
UNLOCK TABLES;

--
-- Table structure for table `tbType`
--

DROP TABLE IF EXISTS `tbType`;
CREATE TABLE `tbType` (
  `id` int(11) NOT NULL auto_increment,
  `fdName` varchar(32) NOT NULL default '',
  PRIMARY KEY  (`id`)
) ENGINE=MyISAM DEFAULT CHARSET=utf8 COMMENT='终端用户类型表\r\n1-正式用户\r\n2-友好';

--
-- Dumping data for table `tbType`
--

LOCK TABLES `tbType` WRITE;
/*!40000 ALTER TABLE `tbType` DISABLE KEYS */;
/*!40000 ALTER TABLE `tbType` ENABLE KEYS */;
UNLOCK TABLES;

--
-- Table structure for table `tbUserLog`
--

DROP TABLE IF EXISTS `tbUserLog`;
CREATE TABLE `tbUserLog` (
  `id` int(11) NOT NULL auto_increment,
  `fdObjectID` int(11) NOT NULL default '0',
  `fdAction` varchar(64) NOT NULL default '' COMMENT '操作名称\r\n            INSERT\r\n            UPDATE\r\n            DELETE',
  `fdTarget` varchar(128) default NULL COMMENT '操作对象\r\n            tbTable1.fdField1=XXX,tbTable2.fdField2=YYY',
  `fdCreate` datetime NOT NULL default '0000-00-00 00:00:00',
  PRIMARY KEY  (`id`),
  KEY `FK_Terminal_UserLog` (`fdObjectID`)
) ENGINE=MyISAM DEFAULT CHARSET=utf8 COMMENT='用户操作日志';

--
-- Dumping data for table `tbUserLog`
--

LOCK TABLES `tbUserLog` WRITE;
/*!40000 ALTER TABLE `tbUserLog` DISABLE KEYS */;
/*!40000 ALTER TABLE `tbUserLog` ENABLE KEYS */;
UNLOCK TABLES;

--
-- Table structure for table `tbVersion`
--

DROP TABLE IF EXISTS `tbVersion`;
CREATE TABLE `tbVersion` (
  `id` int(11) NOT NULL auto_increment,
  `fdMajor` int(11) NOT NULL default '0',
  `fdMinor` int(11) NOT NULL default '0',
  `fdDisabled` int(11) NOT NULL default '0',
  `fdURL` varchar(128) NOT NULL default '',
  `fdCreate` datetime NOT NULL default '0000-00-00 00:00:00',
  PRIMARY KEY  (`id`)
) ENGINE=MyISAM DEFAULT CHARSET=utf8 COMMENT='软件版本表';

--
-- Dumping data for table `tbVersion`
--

LOCK TABLES `tbVersion` WRITE;
/*!40000 ALTER TABLE `tbVersion` DISABLE KEYS */;
/*!40000 ALTER TABLE `tbVersion` ENABLE KEYS */;
UNLOCK TABLES;
/*!40103 SET TIME_ZONE=@OLD_TIME_ZONE */;

/*!40101 SET SQL_MODE=@OLD_SQL_MODE */;
/*!40014 SET FOREIGN_KEY_CHECKS=@OLD_FOREIGN_KEY_CHECKS */;
/*!40014 SET UNIQUE_CHECKS=@OLD_UNIQUE_CHECKS */;
/*!40101 SET CHARACTER_SET_CLIENT=@OLD_CHARACTER_SET_CLIENT */;
/*!40101 SET CHARACTER_SET_RESULTS=@OLD_CHARACTER_SET_RESULTS */;
/*!40101 SET COLLATION_CONNECTION=@OLD_COLLATION_CONNECTION */;
/*!40111 SET SQL_NOTES=@OLD_SQL_NOTES */;

-- Dump completed on 2009-07-22  3:56:35
